QEI Point ID,Station,Point,Description,Comm,RTU,Page,Point,Analog #,Relay,Relay,Scale Factor,Point Type,HELPER COLUMN,Full Point Name,OSI SCADA ID,IP,DNP Address,DNP Point #,,
05592,ME,1B,ME BKR 1B AMPS BKR TRIP,1,11,,,17,,,.29311187,ANALOG,ANALOG1B,ME1B,4041001,172.16.3.81,1,47,47,1
05593,ME,3PF,ME FDR 3 POWER FACTOR,1,11,,,38,,,0.1,ANALOG,ANALOG3PF,ME3PF,4041002,172.16.3.81,1,63,63,1
05598,ME,TX1W,MELROSE WATTS,1,11,,,6,,,48,ANALOG,ANALOGTX1W,METX1W,4041003,172.16.3.81,1,31,31,1
05659,ME,P1,MELROSE ACCUMULATOR FPL,1,11, ,,,,,7.2,PULSE,PULSEP1,MEP1,4041004,172.16.3.81,1,#N/A,#N/A,#N/A
05660,ME,RAV1,ME REG A PH VOLTS,1,11, ,,0,,,0.1,ANALOG,ANALOGRAV1,MERAV1,4041005,172.16.3.81,1,24,24,1
05661,ME,RBV1,ME REG B PH VOLTS,1,11,1,,1,,,0.1,ANALOG,ANALOGRBV1,MERBV1,4041006,172.16.3.81,1,25,25,1
05832,ME,2A,ME BKR 2A AMPS BKR TRIP,1,11,,,19,,,.29311187,ANALOG,ANALOG2A,ME2A,4041007,172.16.3.81,1,52,52,1
05839,ME,2B,ME BKR 2B AMPS BKR TRIP,1,11,,,20,,,.29311187,ANALOG,ANALOG2B,ME2B,4041008,172.16.3.81,1,53,53,1
05863,ME,2C,ME BKR 2C AMPS BKR TRIP,1,11,,,21,,,.29311187,ANALOG,ANALOG2C,ME2C,4041009,172.16.3.81,1,54,54,1
06115,ME,RCV1,RCV1,1,11,2,,2,,,0.1,ANALOG,ANALOGRCV1,MERCV1,4041010,172.16.3.81,1,26,26,1
06215,ME,TX1A,ME TX A AMPS C/S TRIP,1,11,3,,3,,,1.2,ANALOG,ANALOGTX1A,METXA,4041011,172.16.3.81,1,27,27,1
06425,ME,1A,ME BKR 1A AMPS BKR TRIP,1,11,,,16,,,.29311187,ANALOG,ANALOG1A,ME1A,4041012,172.16.3.81,1,46,46,1
06426,ME,1C,ME BKR 1C AMPS BKR TRIP,1,11,,,18,,,.29311187,ANALOG,ANALOG1C,ME1C,4041013,172.16.3.81,1,48,48,1
06427,ME,3A,ME BKR 3A AMPS BKR TRIP,1,11,,,22,,,.29311187,ANALOG,ANALOG3A,ME3A,4041014,172.16.3.81,1,58,58,1
06428,ME,4PF,ME FDR 4 POWER FACTOR,1,11,,,39,,,0.1,ANALOG,ANALOG4PF,ME4PF,4041015,172.16.3.81,1,69,69,1
06600,ME,TX1FRQ,ME FREQUENCY,1,11,,,8,,,0.1,ANALOG,ANALOGTX1FRQ,METX1FRQ,4041016,172.16.3.81,1,35,35,1
06612,ME,PF1M,ME POWER FACTOR METER,1,11,,,7,,,0.1,ANALOG,ANALOGPF1M,MEPF1M,4041017,172.16.3.81,1,34,34,1
06705,ME,1KW,ME FDR 1 WATTS,1,11,,,32,,,10,ANALOG,ANALOG1KW,ME1KW,4041018,172.16.3.81,1,49,49,1
06709,ME,2KW,ME FDR 2 WATTS,1,11,,,33,,,10,ANALOG,ANALOG2KW,ME2KW,4041019,172.16.3.81,1,55,55,1
06728,ME,3KW,ME FDR 3 WATTS,1,11,,,34,,,10,ANALOG,ANALOG3KW,ME3KW,4041020,172.16.3.81,1,61,61,1
06729,ME,4KW,ME FDR 4 WATTS,1,11,,,35,,,10,ANALOG,ANALOG4KW,ME4KW,4041021,172.16.3.81,1,67,67,1
06943,ME,KVA1M,ME KVA METER,1,11,,,9,,,48,ANALOG,ANALOGKVA1M,MEKVA1M,4041022,172.16.3.81,1,30,30,1
07187,ME,TX1B,ME TX B AMPS C/S TRIP,1,11,4,,4,,,1.2,ANALOG,ANALOGTX1B,METX1B,4041023,172.16.3.81,1,28,28,1
07188,ME,TX1C,ME TX C AMPS C/S TRIP,1,11,5,,5,,,1.2,ANALOG,ANALOGTX1C,METX1C,4041024,172.16.3.81,1,29,29,1
07196,ME,3B,ME BKR 3B AMPS BKR TRIP,1,11,,,23,,,.29311187,ANALOG,ANALOG3B,ME3B,4041025,172.16.3.81,1,59,59,1
07197,ME,3C,ME BKR 3C AMPS BKR TRIP,1,11,,,24,,,.29311187,ANALOG,ANALOG3C,ME3C,4041026,172.16.3.81,1,60,60,1
07198,ME,4A,ME BKR 4A AMPS BKR TRIP,1,11,,,25,,,.29311187,ANALOG,ANALOG4A,ME4A,4041027,172.16.3.81,1,64,64,1
07199,ME,4B,ME BKR 4B AMPS BKR TRIP,1,11,,,26,,,.29311187,ANALOG,ANALOG4B,ME4B,4041028,172.16.3.81,1,65,65,1
07200,ME,4C,ME BKR 4C AMPS BKR TRIP,1,11,,,27,,,.29311187,ANALOG,ANALOG4C,ME4C,4041029,172.16.3.81,1,66,66,1
07201,ME,LTC1,ME LD TAP CHGR POS,1,11,,,28,,,.0078,ANALOG,ANALOGLTC1,MELTC1,4041030,172.16.3.81,1,21,21,1
07219,ME,KWPHR1,ME PREVIOUS HOUR DEMAND,1,11,,,12,,,144,ANALOG,ANALOGKWPHR1,MEKWPHR1,4041031,172.16.3.81,1,36,36,1
07699,ME,P2,MELROSE ACCUMULATOR CEC,1,11,1,,,,,,PULSE,PULSEP2,MEP2,4041032,172.16.3.81,1,#N/A,#N/A,#N/A
07733,ME,MV1-,ME VARS LEAD,1,11,,,11,,,48,ANALOG,ANALOGMV1-,MEMV1-,4041033,172.16.3.81,1,33,33,1
07757,ME,MV1,ME VARS LAG,1,11,,,10,,,48,ANALOG,ANALOGMV1,MEMV1,4041034,172.16.3.81,1,32,32,1
07759,ME,DCV,ME DC VOLTS,1,11,,,29,,,.07327797,ANALOG,ANALOGDCV,MEDCV,4041035,172.16.3.81,1,70,70,1
07760,ME,1PF,ME FDR 1 POWER FACTOR,1,11,,,36,,,0.1,ANALOG,ANALOG1PF,ME1PF,4041036,172.16.3.81,1,51,51,1
07773,ME,2PF,ME FDR 2 POWER FACTOR,1,11,,,37,,,0.1,ANALOG,ANALOG2PF,ME2PF,4041037,172.16.3.81,1,57,57,1
08081,ME,THST1,ME TX WINDING 1 TEMP,1,11,,,40,,,1,ANALOG,ANALOGTHST1,METHST1,4041038,172.16.3.81,1,38,38,1
08082,ME,THST2,ME TX WINDING 2 TEMP,1,11,,,41,,,1,ANALOG,ANALOGTHST2,METHST2,4041039,172.16.3.81,1,39,39,1
08083,ME,THST3,ME TX WINDING 3 TEMP,1,11,,,42,,,1,ANALOG,ANALOGTHST3,METHST3,4041040,172.16.3.81,1,40,40,1
08084,ME,TXTEMP,ME TX TANK OIL TEMP,1,11,,,43,,,1,ANALOG,ANALOGTXTEMP,METXTEMP,4041041,172.16.3.81,1,41,41,1
08371,ME,TCTEMP,ME LTC TANK OIL TEMP,1,11,,,44,,,1,ANALOG,ANALOGTCTEMP,METCTEMP,4041042,172.16.3.81,1,42,42,1
08405,ME,TXABT,ME TX AMBIENT TEMP,1,11,,,45,,,1,ANALOG,ANALOGTXABT,METXABT,4041043,172.16.3.81,1,43,43,1
30116,ME,4BF,ME BKR 4 BKR FAIL,1,11,6,8,,,,,STATUS,STATUS4BF,ME4BF,1041001,172.16.3.81,1,107,107,1
30224,ME,1BF,ME BKR 1 BKR FAIL,1,11,6,5,,,,,STATUS,STATUS1BF,ME1BF,1041002,172.16.3.81,1,71,71,1
30227,ME,3BF,ME BKR 3 BKR FAIL,1,11,6,7,,,,,STATUS,STATUS3BF,ME3BF,1041003,172.16.3.81,1,95,95,1
30705,ME,1,ME FEEDER BKR 1,1,11,0,0,,,,,STATUS,STATUS1,ME1,1041004,172.16.3.81,1,66,18,0
30705,ME,1,BRK #1 OPEN,1,11,,,,0,1,,RELAY,RELAY1,ME1,1041004,172.16.3.81,1,18,66,0
30705,ME,1,BRK #1 CLOSE,1,11,,,,0,0,,RELAY,RELAY1,ME1,1041004,172.16.3.81,1,18,66,0
30706,ME,2,ME FEEDER BKR 2,1,11,0,4,,,,,STATUS,STATUS2,ME2,1041005,172.16.3.81,1,78,23,0
30706,ME,2,BRK #2 TRIP,1,11,,,,4,1,,RELAY,RELAY2,ME2,1041005,172.16.3.81,1,23,78,0
30706,ME,2,BRK #2 CLOSE,1,11,,,,4,0,,RELAY,RELAY2,ME2,1041005,172.16.3.81,1,23,78,0
30707,ME,4,ME FEEDER BKR 4,1,11,0,12,,,,,STATUS,STATUS4,ME4,1041006,172.16.3.81,1,102,33,0
30707,ME,4,BRK #4 TRIP,1,11,,,,12,1,,RELAY,RELAY4,ME4,1041006,172.16.3.81,1,33,102,0
30707,ME,4,BRK #4 CLOSE,1,11,,,,12,0,,RELAY,RELAY4,ME4,1041006,172.16.3.81,1,33,102,0
30708,ME,1R,ME BKR 1 RECLOSER,1,11,0,1,,,,,STATUS,STATUS1R,ME1R,1041007,172.16.3.81,1,67,67,1
30708,ME,1R,BKR #1 RECLOSE OFF,1,11,,,,1,1,,RELAY,RELAY1R,ME1R,1041007,172.16.3.81,1,19,67,0
30708,ME,1R,BKR #1 RECLOSE ON,1,11,,,,1,0,,RELAY,RELAY1R,ME1R,1041007,172.16.3.81,1,19,67,0
30709,ME,2R,ME BKR 2 RECLOSER,1,11,0,5,,,,,STATUS,STATUS2R,ME2R,1041008,172.16.3.81,1,79,79,1
30709,ME,2R,BRK #2 RECLOSE OFF,1,11,,,,5,1,,RELAY,RELAY2R,ME2R,1041008,172.16.3.81,1,24,79,0
30709,ME,2R,BRK #2 RECLOSE ON,1,11,,,,5,0,,RELAY,RELAY2R,ME2R,1041008,172.16.3.81,1,24,79,0
30710,ME,4R,ME BKR 4 RECLOSER,1,11,0,13,,,,,STATUS,STATUS4R,ME4R,1041009,172.16.3.81,1,103,103,1
30710,ME,4R,BKR 4 RECLOSE OFF,1,11,,,,13,1,,RELAY,RELAY4R,ME4R,1041009,172.16.3.81,1,34,103,0
30710,ME,4R,BKR 4 RECLOSE ON,1,11,,,,13,0,,RELAY,RELAY4R,ME4R,1041009,172.16.3.81,1,34,103,0
30714,ME,1GT,ME BKR 1 GRND TRIP BLOCK,1,11,0,2,,,,,STATUS,STATUS1GT,ME1GT,1041010,172.16.3.81,1,68,68,1
30714,ME,1GT,BRK #1 GND TRIP DISABLED,1,11,,,,2,1,,RELAY,RELAY1GT,ME1GT,1041010,172.16.3.81,1,20,68,0
30714,ME,1GT,BRK #1 GND TRIP ENABLED,1,11,,,,2,0,,RELAY,RELAY1GT,ME1GT,1041010,172.16.3.81,1,20,68,0
30715,ME,1LR,ME BKR 1 LOC/REM SW,1,11,0,3,,,,,STATUS,STATUS1LR,ME1LR,1041011,172.16.3.81,1,69,69,1
30716,ME,2GT,ME BKR 2 GRND TRIP BLOCK,1,11,0,6,,,,,STATUS,STATUS2GT,ME2GT,1041012,172.16.3.81,1,80,80,1
30716,ME,2GT,BRK #2 GND TRIP DISABLED,1,11,,,,6,1,,RELAY,RELAY2GT,ME2GT,1041012,172.16.3.81,1,25,80,0
30716,ME,2GT,BRK #2 GND TRIP ENABLED,1,11,,,,6,0,,RELAY,RELAY2GT,ME2GT,1041012,172.16.3.81,1,25,80,0
30717,ME,2LR,ME BKR 2 LOC/REM SW,1,11,0,7,,,,,STATUS,STATUS2LR,ME2LR,1041013,172.16.3.81,1,81,81,1
30718,ME,3,ME FEEDER BKR 3,1,11,0,8,,,,,STATUS,STATUS3,ME3,1041014,172.16.3.81,1,90,28,0
30718,ME,3,BRK #3 TRIP,1,11,,,,8,1,,RELAY,RELAY3,ME3,1041014,172.16.3.81,1,28,90,0
30718,ME,3,BRK #3 CLOSE,1,11,,,,8,0,,RELAY,RELAY3,ME3,1041014,172.16.3.81,1,28,90,0
30741,ME,3R,ME BKR 3 RECLOSER,1,11,0,9,,,,,STATUS,STATUS3R,ME3R,1041015,172.16.3.81,1,91,91,1
30741,ME,3R,BRK #3 RECLOSE OFF,1,11,,,,9,1,,RELAY,RELAY3R,ME3R,1041015,172.16.3.81,1,29,91,0
30741,ME,3R,BRK #3 RECLOSE ON,1,11,,,,9,0,,RELAY,RELAY3R,ME3R,1041015,172.16.3.81,1,29,91,0
31634,ME,TX1DRD,DIFFERENTIAL RELAY DISAB,1,11,6,0,,,,,STATUS,STATUSTX1DRD,METX1DRD,1041016,172.16.3.81,1,194,194,1
31636,ME,MTXAC,MOBIL TX LOSS OF AC,1,11,7,0,,,,,STATUS,STATUSMTXAC,MEMTXAC,1041017,172.16.3.81,1,#N/A,#N/A,#N/A
32208,ME,3GT,ME BKR 3 GRND TRIP BLOCK,1,11,0,10,,,,,STATUS,STATUS3GT,ME3GT,1041018,172.16.3.81,1,92,92,1
32208,ME,3GT,BRK #3 GROUND TRIP DISABLED,1,11,,,,10,1,,RELAY,RELAY3GT,ME3GT,1041018,172.16.3.81,1,30,92,0
32208,ME,3GT,BRK #3 GROUND TRIP ENABLED,1,11,,,,10,0,,RELAY,RELAY3GT,ME3GT,1041018,172.16.3.81,1,30,92,0
33187,ME,TX1K1,ME TX1 VOLT CONTROL K1,1,11,2,4,,,,,STATUS,STATUSTX1K1,METX1K1,1041019,172.16.3.81,1,52,52,1
33187,ME,TX1K1,TX VOLT CONTROL K1 SET,1,11,,,,21,1,,RELAY,RELAYTX1K1,METX1K1,1041019,172.16.3.81,1,9,52,0
33187,ME,TX1K1,TX VOLT CONTROL K1 RESET,1,11,,,,21,0,,RELAY,RELAYTX1K1,METX1K1,1041019,172.16.3.81,1,9,52,0
33188,ME,TX1K2,ME TX1 VOLT CONTROL K2,1,11,2,5,,,,,STATUS,STATUSTX1K2,METX1K2,1041020,172.16.3.81,1,53,53,1
33188,ME,TX1K2,TX1 VOLT CONTROL K2 SET,1,11,,,,22,1,,RELAY,RELAYTX1K2,METX1K2,1041020,172.16.3.81,1,10,53,0
33188,ME,TX1K2,TX1 VOLT CONTROL K2 RESET,1,11,,,,22,0,,RELAY,RELAYTX1K2,METX1K2,1041020,172.16.3.81,1,10,53,0
33230,ME,35C106,ME TX1 387E ALARM COMM,1,11,1,0,,,,,STATUS,STATUS35C106,ME35C106,1041021,172.16.3.81,1,119,119,1
34002,ME,MTXSC,MOBIL TX SELF CK,1,11,7,2,,,,,STATUS,STATUSMTXSC,MEMTXSC,1041022,172.16.3.81,1,#N/A,#N/A,#N/A
34268,ME,MTXTOT,MOBIL TX HOT OIL TEMP,1,11,7,1,,,,,STATUS,STATUSMTXTOT,MEMTXTOT,1041023,172.16.3.81,1,#N/A,#N/A,#N/A
34992,ME,3LR,ME BKR 3 LOC/REM SW,1,11,0,11,,,,,STATUS,STATUS3LR,ME3LR,1041024,172.16.3.81,1,93,93,1
34993,ME,4GT,ME BKR 4 GRND TRIP BLOCK,1,11,0,14,,,,,STATUS,STATUS4GT,ME4GT,1041025,172.16.3.81,1,104,104,1
34993,ME,4GT,BKR 4 GND TRIP DISABLED,1,11,,,,14,1,,RELAY,RELAY4GT,ME4GT,1041025,172.16.3.81,1,35,104,0
34993,ME,4GT,BKR 4 GND TRIP ENABLED,1,11,,,,14,0,,RELAY,RELAY4GT,ME4GT,1041025,172.16.3.81,1,35,104,0
34994,ME,4LR,ME BKR 4 LOC/REM SW,1,11,0,15,,,,,STATUS,STATUS4LR,ME4LR,1041026,172.16.3.81,1,105,105,1
34995,ME,351SC1,ME BKR 1 RELAY FAIL,1,11,1,1,,,,,STATUS,STATUS351SC1,ME351SC1,1041027,172.16.3.81,1,188,188,1
34996,ME,351SC2,ME BKR 2 RELAY FAIL,1,11,1,2,,,,,STATUS,STATUS351SC2,ME351SC2,1041028,172.16.3.81,1,189,189,1
34997,ME,351SC3,ME BKR 3 RELAY FAIL,1,11,1,3,,,,,STATUS,STATUS351SC3,ME351SC3,1041029,172.16.3.81,1,190,190,1
34998,ME,351SC4,ME BKR 4 RELAY FAIL,1,11,1,4,,,,,STATUS,STATUS351SC4,ME351SC4,1041030,172.16.3.81,1,191,191,1
34999,ME,35C118,ME BKR 1 STATUS COMM,1,11,1,5,,,,,STATUS,STATUS35C118,ME35C118,1041031,172.16.3.81,1,131,131,1
35000,ME,35C119,ME BKR 2 STATUS COMM,1,11,1,6,,,,,STATUS,STATUS35C119,ME35C119,1041032,172.16.3.81,1,132,132,1
35001,ME,35C120,ME BKR 3 STATUS COMM,1,11,1,7,,,,,STATUS,STATUS35C120,ME35C120,1041033,172.16.3.81,1,133,133,1
35002,ME,35C121,ME BKR 4 STATUS COMM,1,11,1,8,,,,,STATUS,STATUS35C121,ME35C121,1041034,172.16.3.81,1,134,134,1
35003,ME,35C123,TX1 2505 STAT/CNTRL COMM,1,11,1,9,,,,,STATUS,STATUS35C123,ME35C123,1041035,172.16.3.81,1,136,136,1
35004,ME,35C126,HOUSE 2505 SELF CHECK,1,11,1,10,,,,,STATUS,STATUS35C126,ME35C126,1041036,172.16.3.81,1,139,139,1
35005,ME,35C128,ME TX1 FUTURE COMM,1,11,1,11,,,,,STATUS,STATUS35C128,ME35C128,1041037,172.16.3.81,1,141,141,1
35007,ME,24T1SC,ME TX1 2411 ALARMS FAIL,1,11,2,0,,,,,STATUS,STATUS24T1SC,ME24T1SC,1041038,172.16.3.81,1,184,49,0
35007,ME,TX1TOT,ME TX1 HOT OIL TEMP,1,11,2,1,,,,,STATUS,STATUSTX1TOT,METX1TOT,1041039,172.16.3.81,1,49,184,0
35008,ME,TX1HS,ME TX1 HOT SPOT,1,11,2,2,,,,,STATUS,STATUSTX1HS,METX1HS,1041040,172.16.3.81,1,50,50,1
35009,ME,TX1LR,ME TX1 LOC/REM SW,1,11,2,3,,,,,STATUS,STATUSTX1LR,METX1LR,1041041,172.16.3.81,1,51,51,1
35010,ME,TCA1,ME TX1 LTC AUTO/MAN,1,11,2,6,,,,,STATUS,STATUSTCA1,METCA1,1041042,172.16.3.81,1,54,54,1
35010,ME,TCA1,TX LTC MANUAL,1,11,,,,20,1,,RELAY,RELAYTCA1,METCA1,1041042,172.16.3.81,1,8,54,0
35010,ME,TCA1,TX LTC AUTO,1,11,,,,20,0,,RELAY,RELAYTCA1,METCA1,1041042,172.16.3.81,1,8,54,0
35011,ME,FANHYD,HOUSE EXHAUST FAN HYRDRO,1,11,2,7,,,,,STATUS,STATUSFANHYD,MEFANHYD,1041043,172.16.3.81,1,208,208,1
35012,ME,SMOKE,ME HOUSE SMOKE,1,11,2,8,,,,,STATUS,STATUSSMOKE,MESMOKE,1041044,172.16.3.81,1,209,209,1
35014,ME,BATPWR,ME BATT POWER FAIL,1,11,2,10,,,,,STATUS,STATUSBATPWR,MEBATPWR,1041045,172.16.3.81,1,210,210,1
35015,ME,BATTDC,ME BATT DC VOLT,1,11,2,11,,,,,STATUS,STATUSBATTDC,MEBATTDC,1041046,172.16.3.81,1,211,211,1
35016,ME,BATGND,ME BATT GROUND,1,11,2,12,,,,,STATUS,STATUSBATGND,MEBATGND,1041047,172.16.3.81,1,212,212,1
35017,ME,LRS,SUB LOC/REM SW,1,11,3,0,,,,,STATUS,STATUSLRS,MELRS,1041048,172.16.3.81,1,193,193,1
35018,ME,86T1,ME  TX1 86T LCKOUT,1,11,3,1,,,,,STATUS,STATUS86T1,ME86T1,1041049,172.16.3.81,1,195,195,1
35019,ME,387SC1,ME TX1 DIF PROT FAIL,1,11,3,2,,,,,STATUS,STATUS387SC1,ME387SC1,1041050,172.16.3.81,1,171,171,1
35020,ME,501SC1,ME TX1 OVERCURRENT FAIL,1,11,3,3,,,,,STATUS,STATUS501SC1,ME501SC1,1041051,172.16.3.81,1,172,172,1
35021,ME,21T1SC,ME TX1 2100 FAIL,1,11,3,4,,,,,STATUS,STATUS21T1SC,ME21T1SC,1041052,172.16.3.81,1,175,175,1
35022,ME,MET1SC,ME TX1 METER FAIL,1,11,3,5,,,,,STATUS,STATUSMET1SC,MEMET1SC,1041053,172.16.3.81,1,176,176,1
35023,ME,86TCM1,ME TX1 86T LCKOUT TCM,1,11,3,6,,,,,STATUS,STATUS86TCM1,ME86TCM1,1041054,172.16.3.81,1,196,196,1
35024,ME,94TCM1,ME TX1 94T TCM,1,11,3,7,,,,,STATUS,STATUS94TCM1,ME94TCM1,1041055,172.16.3.81,1,201,201,1
35025,ME,K697,ME K697 CIRC SW,1,11,3,8,,,,,STATUS,STATUSK697,MEK697,1041056,172.16.3.81,1,0,0,1
35025,ME,K697,CIRCUIT SWITCHER TRIP,1,11,,,,16,1,,RELAY,RELAYK697,MEK697,1041056,172.16.3.81,1,0,0,1
35025,ME,K697,CIRCUIT SWITCHER CLOSE,1,11,,,,16,0,,RELAY,RELAYK697,MEK697,1041056,172.16.3.81,1,0,0,1
35026,ME,25SC10,ME CH STA/CTRL FAIL,1,11,3,10,,,,,STATUS,STATUS25SC10,ME25SC10,1041057,172.16.3.81,1,181,181,1
35027,ME,35C109,TX1 3530 TO 2100 COMM,1,11,7,3,,,,,STATUS,STATUS35C109,ME35C109,1041058,172.16.3.81,1,122,122,1
35028,ME,35C101,ME BKR 1 CONTROL COMM,1,11,3,12,,,,,STATUS,STATUS35C101,ME35C101,1041059,172.16.3.81,1,114,114,1
35029,ME,35C102,ME BKR 2 CONTROL COMM,1,11,3,13,,,,,STATUS,STATUS35C102,ME35C102,1041060,172.16.3.81,1,115,115,1
35030,ME,35C103,ME BKR 3 CONTROL COMM,1,11,3,14,,,,,STATUS,STATUS35C103,ME35C103,1041061,172.16.3.81,1,116,116,1
35031,ME,35C104,ME BKR 4 CONTROL COMM,1,11,3,15,,,,,STATUS,STATUS35C104,ME35C104,1041062,172.16.3.81,1,117,117,1
35032,ME,TC,TX LTC RAISE,1,11,,,,23,1,,RELAY,RELAYTC,METC,5041007,172.16.3.81,1,11,11,1
35032,ME,TC,TX LTC LOWER,1,11,,,,23,0,,RELAY,RELAYTC,METC,5041007,172.16.3.81,1,11,11,1
35033,ME,T1F1AC,ME TX STG1 FANS LOSS AC,1,11,4,0,,,,,STATUS,STATUST1F1AC,MET1F1AC,1041063,172.16.3.81,1,31,31,1
35034,ME,T1F2AC,ME TX STG2 FANS LOSS AC,1,11,4,1,,,,,STATUS,STATUST1F2AC,MET1F2AC,1041064,172.16.3.81,1,32,32,1
35035,ME,TX1NHI,ME TX1 NITRO HIGH PR,1,11,4,2,,,,,STATUS,STATUSTX1NHI,METX1NHI,1041065,172.16.3.81,1,33,33,1
35036,ME,TX1NLO,ME TX NITRO LOW PR,1,11,4,3,,,,,STATUS,STATUSTX1NLO,METX1NLO,1041066,172.16.3.81,1,34,34,1
35037,ME,T1NCLO,ME TX1 NITRO CYL LOW PR,1,11,4,4,,,,,STATUS,STATUST1NCLO,MET1NCLO,1041067,172.16.3.81,1,35,35,1
35038,ME,T1PR,ME TX1 TANK PRS RELIEF,1,11,4,5,,,,,STATUS,STATUST1PR,MET1PR,1041068,172.16.3.81,1,36,36,1
35099,ME,1UF,ME BKR 1 UNDER FREQ TRIP,1,11,1,13,,,,,STATUS,STATUS1UF,ME1UF,1041069,172.16.3.81,1,70,70,1
35100,ME,3UF,ME BKR 3 UNDER FREQ TRIP,1,11,1,14,,,,,STATUS,STATUS3UF,ME3UF,1041070,172.16.3.81,1,94,94,1
35101,ME,1POT,ME BKR 1 LOSS POT FOR UF,1,11,1,15,,,,,STATUS,STATUS1POT,ME1POT,1041071,172.16.3.81,1,73,73,1
35102,ME,2POT,ME BKR 2 LOSS POT FOR UF,1,11,2,13,,,,,STATUS,STATUS2POT,ME2POT,1041072,172.16.3.81,1,85,85,1
35103,ME,3POT,ME BKR 3 LOSS POT FOR UF,1,11,2,14,,,,,STATUS,STATUS3POT,ME3POT,1041073,172.16.3.81,1,97,97,1
35104,ME,4POT,ME BKR 4 LOSS POT FOR UF,1,11,2,15,,,,,STATUS,STATUS4POT,ME4POT,1041074,172.16.3.81,1,109,109,1
35220,ME,S3L12,ME LBI S3L12,1,11,3,9,,,,,STATUS,STATUSS3L12,MES3L12,1041075,172.16.3.81,1,64,64,1
35220,ME,S3L12,S3L12 LBI OPEN,1,11,,,,17,1,,RELAY,RELAYS3L12,MES3L12,1041075,172.16.3.81,1,17,64,0
35220,ME,S3L12,S3L12 LBI CLOSE,1,11,,,,17,0,,RELAY,RELAYS3L12,MES3L12,1041075,172.16.3.81,1,17,64,0
35235,ME,T1SP,ME TX1 TANK SUDDEN PRS,1,11,4,6,,,,,STATUS,STATUST1SP,MET1SP,1041076,172.16.3.81,1,37,37,1
35236,ME,TX1LO,ME TX1 TANK LO OIL,1,11,4,7,,,,,STATUS,STATUSTX1LO,METX1LO,1041077,172.16.3.81,1,38,38,1
35237,ME,TX1HI,ME TX1 TANK HI OIL,1,11,4,8,,,,,STATUS,STATUSTX1HI,METX1HI,1041078,172.16.3.81,1,39,39,1
35238,ME,LTC1LO,ME TX1 LTC TANK LO OIL,1,11,4,9,,,,,STATUS,STATUSLTC1LO,MELTC1LO,1041079,172.16.3.81,1,41,41,1
35239,ME,TC1PWR,ME TX1 LTC LOSS OF POWER,1,11,4,10,,,,,STATUS,STATUSTC1PWR,METC1PWR,1041080,172.16.3.81,1,42,42,1
35240,ME,TCP1,ME TX1 LTC OFF TAP,1,11,4,11,,,,,STATUS,STATUSTCP1,METCP1,1041081,172.16.3.81,1,43,43,1
35241,ME,LTCMT1,ME TX1 LTC MOTOR HI TEMP,1,11,4,12,,,,,STATUS,STATUSLTCMT1,MELTCMT1,1041082,172.16.3.81,1,44,44,1
35242,ME,TCPR1,ME TX1 LTC PRS RELIEF,1,11,4,13,,,,,STATUS,STATUSTCPR1,METCPR1,1041083,172.16.3.81,1,45,45,1
35243,ME,86X1,ME TX1 LTC LCKOUT,1,11,4,14,,,,,STATUS,STATUS86X1,ME86X1,1041084,172.16.3.81,1,46,46,1
35244,ME,T1FAN1,ME TX1 STAGE1 FANS ON,1,11,4,15,,,,,STATUS,STATUST1FAN1,MET1FAN1,1041085,172.16.3.81,1,47,47,1
35244,ME,T1FAN1,TX STAGE 1 FANS OFF,1,11,,,,18,1,,RELAY,RELAYT1FAN1,MET1FAN1,1041085,172.16.3.81,1,6,47,0
35244,ME,T1FAN1,TX STAGE 1 FANS ON,1,11,,,,18,0,,RELAY,RELAYT1FAN1,MET1FAN1,1041085,172.16.3.81,1,6,47,0
35245,ME,T1FAN2,ME TX1 STAGE2 FANS ON,1,11,5,0,,,,,STATUS,STATUST1FAN2,MET1FAN2,1041086,172.16.3.81,1,48,48,1
35245,ME,T1FAN2,TX STAGE 2 FANS OFF,1,11,,,,19,1,,RELAY,RELAYT1FAN2,MET1FAN2,1041086,172.16.3.81,1,7,48,0
35245,ME,T1FAN2,TX STAGE 2 FANS ON,1,11,,,,19,0,,RELAY,RELAYT1FAN2,MET1FAN2,1041086,172.16.3.81,1,7,48,0
35246,ME,35C111,ME TX1 ALARMS COMM,1,11,5,1,,,,,STATUS,STATUS35C111,ME35C111,1041087,172.16.3.81,1,124,124,1
35302,ME,2UF,ME BKR 2 UNDER FREQ TRIP,1,11,2 ,9,,,,,STATUS,STATUS2UF,ME2UF,1041088,172.16.3.81,1,82,82,1
35918,ME,2BF,ME BKR 2 BKR FAIL,1,11,6,6,,,,,STATUS,STATUS2BF,ME2BF,1041089,172.16.3.81,1,83,83,1
36609,ME,MET1CP,ME TX1 METERING COMM,1,11,5,2,,,,,STATUS,STATUSMET1CP,MEMET1CP,1041090,172.16.3.81,1,121,121,1
36896,ME,79LO1,ME BKR 1 LCKOUT,1,11,5,3,,,,,STATUS,STATUS79LO1,ME79LO1,1041091,172.16.3.81,1,74,74,1
36897,ME,79LO2,ME BKR 2 LCKOUT,1,11,5,4,,,,,STATUS,STATUS79LO2,ME79LO2,1041092,172.16.3.81,1,86,86,1
36898,ME,79LO3,ME BKR 1 LCKOUT,1,11,5,5,,,,,STATUS,STATUS79LO3,ME79LO3,1041093,172.16.3.81,1,98,98,1
36899,ME,79LO4,ME BKR 4 LCKOUT,1,11,5,6,,,,,STATUS,STATUS79LO4,ME79LO4,1041094,172.16.3.81,1,110,110,1
37285,ME,1HL,ME BKR 1 HL NON-RECL,1,11,6,1,,,,,STATUS,STATUS1HL,ME1HL,1041095,172.16.3.81,1,72,72,1
37285,ME,1HL,BKR 1 HOT LINE REC DISABLED,1,11,,,,3,1,,RELAY,RELAY1HL,ME1HL,1041095,172.16.3.81,1,21,72,0
37285,ME,1HL,BKR 1 HOT LINE REC ENABLED,1,11,,,,3,0,,RELAY,RELAY1HL,ME1HL,1041095,172.16.3.81,1,21,72,0
37286,ME,2HL,ME BKR 2 HL NON-RECL,1,11,6,2,,,,,STATUS,STATUS2HL,ME2HL,1041096,172.16.3.81,1,84,84,1
37286,ME,2HL,BKR 2 HOT LINE REC DISABLED,1,11,,,,7,1,,RELAY,RELAY2HL,ME2HL,1041096,172.16.3.81,1,26,84,0
37286,ME,2HL,BKR 2 HOT LINE REC ENABLED,1,11,,,,7,0,,RELAY,RELAY2HL,ME2HL,1041096,172.16.3.81,1,26,84,0
37287,ME,3HL,ME BKR 3 HL NON-RECL,1,11,6,3,,,,,STATUS,STATUS3HL,ME3HL,1041097,172.16.3.81,1,96,96,1
37287,ME,3HL,BKR 3 HOT LINE REC DISABLED,1,11,,,,11,1,,RELAY,RELAY3HL,ME3HL,1041097,172.16.3.81,1,31,96,0
37287,ME,3HL,BKR 3 HOT LINE REC ENABLED,1,11,,,,11,0,,RELAY,RELAY3HL,ME3HL,1041097,172.16.3.81,1,31,96,0
37288,ME,4HL,ME BKR 4 HL NON-RECL,1,11,6,4,,,,,STATUS,STATUS4HL,ME4HL,1041098,172.16.3.81,1,108,108,1
37288,ME,4HL,BKR 4 HOT LINE REC DISABLED,1,11,,,,15,1,,RELAY,RELAY4HL,ME4HL,1041098,172.16.3.81,1,36,108,0
37288,ME,4HL,BKR 4 HOT LINE REC ENABLED,1,11,,,,15,0,,RELAY,RELAY4HL,ME4HL,1041098,172.16.3.81,1,36,108,0
38177,ME,35C110,ME 2100-1 ALARM COMM,1,11,7,4,,,,,STATUS,STATUS35C110,ME35C110,1041099,172.16.3.81,1,123,123,1
38178,ME,35C116,3530-1 DNP COMM PORT ALARM,1,11,6,10,,,,,STATUS,STATUS35C116,ME35C116,1041100,172.16.3.81,1,#N/A,#N/A,#N/A
38179,ME,2407SC,CLOCK SELF CHECK,1,11,6,11,,,,,STATUS,STATUS2407SC,ME2407SC,1041101,172.16.3.81,1,177,177,1
38350,ME,T1HIAL,ME TX1 CRIT HI TEMP AL,1,11,3,11,,,,,STATUS,STATUST1HIAL,MET1HIAL,1041102,172.16.3.81,1,56,56,1