Point ID,Station,Pnuemonic,Description,COM,RTU,Pg,Status P,Analog P,Relay P,Value,Scale,Type,Helper Column,IP Address,DNPAddress,DNP Point,,
32565,DB,1,DB FEEDER BKR 1,3,7,0,0,,,,,STATUS,DB1STATUS,172.17.4.81,1,66,,
32565,DB,1,BKR 1 TRIP,3,7,,,,1,1,,RELAY,DB1RELAY,172.17.4.81,1,18,,
32565,DB,1,BKR 1 CLOSE,3,7,,,,1,0,,RELAY,DB1RELAY,172.17.4.81,1,18,,
32567,DB,2,DB FEEDER BKR 2,3,7,0,1,,,,,STATUS,DB2STATUS,172.17.4.81,1,78,,
32567,DB,2,BKR 2 TRIP,3,7,,,,2,1,,RELAY,DB2RELAY,172.17.4.81,1,23,,
32567,DB,2,BKR 2 CLOSE,3,7,,,,2,0,,RELAY,DB2RELAY,172.17.4.81,1,23,,
32593,DB,3,DB FEEDER BKR 3,3,7,0,2,,,,,STATUS,DB3STATUS,172.17.4.81,1,90,,
32593,DB,3,BKR 3 TRIP,3,7,,,,3,1,,RELAY,DB3RELAY,172.17.4.81,1,28,,
32593,DB,3,BKR 3 CLOSE,3,7,,,,3,0,,RELAY,DB3RELAY,172.17.4.81,1,28,,
32595,DB,4,DB FEEDER BKR 4,3,7,0,3,,,,,STATUS,DB4STATUS,172.17.4.82,1,66,,
32595,DB,4,BKR 4 TRIP,3,7,,,,4,1,,RELAY,DB4RELAY,172.17.4.82,1,18,,
32595,DB,4,BKR 4 CLOSE,3,7,,,,4,0,,RELAY,DB4RELAY,172.17.4.82,1,18,,
32596,DB,5,DB FEEDER BKR 5,3,7,0,4,,,,,STATUS,DB5STATUS,172.17.4.82,1,78,,
32596,DB,5,BKR 5 TRIP,3,7,,,,5,1,,RELAY,DB5RELAY,172.17.4.82,1,23,,
32596,DB,5,BKR 5 CLOSE,3,7,,,,5,0,,RELAY,DB5RELAY,172.17.4.82,1,23,,
32614,DB,6,DB FEEDER BKR 6,3,7,0,5,,,,,STATUS,DB6STATUS,172.17.4.82,1,90,,
32614,DB,6,BKR 6 TRIP,3,7,,,,6,1,,RELAY,DB6RELAY,172.17.4.82,1,28,,
32614,DB,6,BKR 6 CLOSE,3,7,,,,6,0,,RELAY,DB6RELAY,172.17.4.82,1,28,,
32615,DB,7,DB FEEDER BKR 7,3,7,0,6,,,,,STATUS,DB7STATUS,172.17.4.83,1,66,,
32615,DB,7,BKR 7 TRIP,3,7,,,,7,1,,RELAY,DB7RELAY,172.17.4.83,1,18,,
32615,DB,7,BKR 7 CLOSE,3,7,,,,7,0,,RELAY,DB7RELAY,172.17.4.83,1,18,,
30387,DB,8,DB FEEDER BKR 8,3,7,0,7,,,,,STATUS,DB8STATUS,172.17.4.83,1,78,,
30387,DB,8,BKR 8 TRIP,3,7,,,,8,1,,RELAY,DB8RELAY,172.17.4.83,1,23,,
30387,DB,8,BKR 8 CLOSE,3,7,,,,8,0,,RELAY,DB8RELAY,172.17.4.83,1,23,,
30388,DB,9,DB FEEDER BKR 9,3,7,0,8,,,,,STATUS,DB9STATUS,172.17.4.83,1,90,,
30388,DB,9,BKR 9 TRIP,3,7,,,,9,1,,RELAY,DB9RELAY,172.17.4.83,1,28,,
30388,DB,9,BKR 9 CLOSE,3,7,,,,9,0,,RELAY,DB9RELAY,172.17.4.83,1,28,,
32562,DB,K6132,DB TX1 K6132 CIR SW POS,3,7,0,9,,,,,STATUS,DBK6132STATUS,172.17.4.81,1,0,,
32562,DB,K6132,K6132 TX1 CIR SW OPEN,3,7,,,,10,1,,RELAY,DBK6132RELAY,172.17.4.81,1,0,,
32562,DB,K6132,K6132 TX1 CIR SW CLOSE,3,7,,,,10,0,,RELAY,DBK6132RELAY,172.17.4.81,1,0,,
38198,DB,TX1DRD,DB TX1 DIFF PROT DISABLE,3,7,0,10,,,,,STATUS,DBTX1DRDSTATUS,172.17.4.81,1,194,,
32617,DB,86T1,DB TX1 86T LCKOUT,3,7,0,11,,,,,STATUS,DB86T1STATUS,172.17.4.81,1,195,,
32618,DB,K6134,DB TX2 K6134 CIR SW POS,3,7,0,12,,,,,STATUS,DBK6134STATUS,172.17.4.82,1,0,,
32618,DB,K6134,K6134 TX2 CIR SW OPEN,3,7,,,,11,1,,RELAY,DBK6134RELAY,172.17.4.82,1,0,,
32618,DB,K6134,K6134 TX2 CIR SW CLOSE,3,7,,,,11,0,,RELAY,DBK6134RELAY,172.17.4.82,1,0,,
38199,DB,TX2DRD,DB TX2 DIFF PROT DISABLE,3,7,0,13,,,,,STATUS,DBTX2DRDSTATUS,172.17.4.82,1,198,,
32620,DB,86T2,DB TX2 86T LCKOUT ,3,7,0,14,,,,,STATUS,DB86T2STATUS,172.17.4.82,1,199,,
32621,DB,K6136,DB TX3 K6136 CIR SW POS,3,7,0,15,,,,,STATUS,DBK6136STATUS,172.17.4.83,1,0,,
32621,DB,K6136,K6136 TX3 CIR SW OPEN,3,7,,,,12,1,,RELAY,DBK6136RELAY,172.17.4.83,1,0,,
32621,DB,K6136,K6136 TX3 CIR SW CLOSE,3,7,,,,12,0,,RELAY,DBK6136RELAY,172.17.4.83,1,0,,
06914,DB,RAV1,DB TX1 REG A VOLTS,3,7,,,0,,,0.1,ANALOG,DBRAV1ANALOG,172.17.4.81,1,24,,
06910,DB,P1,DB PULSE ACCUMULATOR 1,3,7,,,,,,4.8,PULSE,DBP1PULSE,#N/A,1,#N/A,,
32624,DB,86T3,DB TX3 86T LCKOUT ,3,7,1,1,,,,,STATUS,DB86T3STATUS,172.17.4.83,1,199,,
32625,DB,LRS,DB HOUSE LOC/REM SW,3,7,1,2,,,,,STATUS,DBLRSSTATUS,172.17.4.81,1,193,,
32659,DB,387SC1,DB TX1 DIFF PROT FAIL,3,7,1,3,,,,,STATUS,DB387SC1STATUS,172.17.4.81,1,171,,
32660,DB,501SC1,DB TX1 OVERCURRENT FAIL,3,7,1,4,,,,,STATUS,DB501SC1STATUS,172.17.4.81,1,172,,
32661,DB,21T1SC,DB TX1 2100 FAIL,3,7,1,5,,,,,STATUS,DB21T1SCSTATUS,172.17.4.81,1,175,,
32662,DB,MET1SC,DB TX1 735 METER FAIL,3,7,1,6,,,,REV 4MAT,STATUS,DBMET1SCSTATUS,172.17.4.81,1,176,,
32663,DB,86TCM1,DB TX1 86T LCKOUT TCM,3,7,1,7,,,,,STATUS,DB86TCM1STATUS,172.17.4.81,1,196,,
32664,DB,94TCM1,DB TX1 94T TCM,3,7,1,8,,,,,STATUS,DB94TCM1STATUS,172.17.4.81,1,201,,
32768,DB,T1HIAL,DB TX1 CRIT HI TEMP,3,7,1,9,,,,,STATUS,DBT1HIALSTATUS,172.17.4.81,1,56,,
32666,DB,35C106,DB TX1 387E ALARM COM,3,7,1,10,,,,,STATUS,DB35C106STATUS,172.17.4.81,1,119,,
32668,DB,BATTDC,DB BATT DC VOLT ALARM 1,3,7,1,11,,,,,STATUS,DBBATTDCSTATUS,172.17.4.81,1,218,,
32669,DB,BATGRD,DB BATT GROUND ALARM,3,7,1,12,,,,,STATUS,DBBATGRDSTATUS,172.17.4.81,1,220,,
32670,DB,BATFAN,DB CTRL HSE EXHAUST FAN,3,7,1,13,,,,,STATUS,DBBATFANSTATUS,172.17.4.81,1,215,,
32671,DB,SMOKE,DB CTRL HSE SMOKE ALARM,3,7,1,14,,,,,STATUS,DBSMOKESTATUS,172.17.4.81,1,217,,
06915,DB,RBV1,DB TX1 REG B VOLTS,3,7,,,1,,,0.1,ANALOG,DBRBV1ANALOG,172.17.4.81,1,25,,
06911,DB,P2,DB PULSE ACCUMULATOR 2,3,7,,,,,,4.8,PULSE,DBP2PULSE,#N/A,1,#N/A,,
32673,DB,24T1SC,DB TX1 2411 FAIL,3,7,2,0,,,,,STATUS,DB24T1SCSTATUS,172.17.4.81,1,184,,
32674,DB,TX1TOT,DB TX1 HOT OIL TEMP,3,7,2,1,,,,,STATUS,DBTX1TOTSTATUS,172.17.4.81,1,49,,
32675,DB,TX1HS,DB TX1 HOT SPOT,3,7,2,2,,,,,STATUS,DBTX1HSSTATUS,172.17.4.81,1,50,,
32676,DB,TX1LR,DB TX1 LOC/REM SW,3,7,2,3,,,,,STATUS,DBTX1LRSTATUS,172.17.4.81,1,51,,
32677,DB,TX1K1,DB TX1 VOLT CTRL K1,3,7,2,4,,,,,STATUS,DBTX1K1STATUS,172.17.4.81,1,52,,
32677,DB,TX1K1,TX1 VOLT CTRL K1 ON,3,7,,,,13,1,,RELAY,DBTX1K1RELAY,172.17.4.81,1,9,,
32677,DB,TX1K1,TX1 VOLT CTRL K1 OFF,3,7,,,,13,0,,RELAY,DBTX1K1RELAY,172.17.4.81,1,9,,
32678,DB,TX1K2,DB TX1 VOLT CTRL K2,3,7,2,5,,,,,STATUS,DBTX1K2STATUS,172.17.4.81,1,53,,
32678,DB,TX1K2,TX1 VOLT CTRL K2 ON,3,7,,,,14,1,,RELAY,DBTX1K2RELAY,172.17.4.81,1,10,,
32678,DB,TX1K2,TX1 VOLT CTRL K2 OFF,3,7,,,,14,0,,RELAY,DBTX1K2RELAY,172.17.4.81,1,10,,
32679,DB,TCA1,DB LTC1 AUTO/MAN,3,7,2,6,,,,,STATUS,DBTCA1STATUS,172.17.4.81,1,54,,
32679,DB,TCA1,LTC1 MANUAL,3,7,,,,15,1,,RELAY,DBTCA1RELAY,172.17.4.81,1,8,,
32679,DB,TCA1,LTC1 AUTO,3,7,,,,15,0,,RELAY,DBTCA1RELAY,172.17.4.81,1,8,,
38200,DB,TX3DRD,DB TX3 DIFF PROT DISABLE,3,7,2,7,,,,,STATUS,DBTX3DRDSTATUS,172.17.4.83,1,198,,
32680,DB,S618_OP,DB S618 MOSW 1 ,3,7,2,8,,,,,STATUS,DBS618_OPSTATUS,172.17.4.81,1,221,,
32680,DB,S618_CL,DB S618 MOSW 1,3,7,2,8,,,,,STATUS,DBS618_CLSTATUS,172.17.4.81,1,222,,
32680,DB,S618,S618 MOD 1 TRIP,3,7,,,,16,1,,RELAY,DBS618RELAY,172.17.4.81,1,39,,
32680,DB,S618,S618 MOD 1 CLOSE,3,7,,,,16,0,,RELAY,DBS618RELAY,172.17.4.81,1,39,,
32682,DB,MOSWAL,DB MOSW 1/2 SYSTEM ALARM,3,7,2,10,,,,,STATUS,DBMOSWALSTATUS,172.17.4.81,1,224,,
32681,DB,S619_OP,DB S619 MOSW 2,3,7,2,11,,,,,STATUS,DBS619_OPSTATUS,172.17.4.81,1,226,,
32681,DB,S619_CL,DB S619 MOSW 2,3,7,2,11,,,,,STATUS,DBS619_CLSTATUS,172.17.4.81,1,227,,
32681,DB,S619,S619 MOD 2 TRIP,3,7,,,,17,1,,RELAY,DBS619RELAY,172.17.4.81,1,40,,
32681,DB,S619,S619 MOD 2 CLOSE,3,7,,,,17,0,,RELAY,DBS619RELAY,172.17.4.81,1,40,,
32686,DB,25SC7,DB LS STA/CTRL FAIL,3,7,2,13,,,,,STATUS,DB25SC7STATUS,172.17.4.81,1,180,,
32687,DB,25SC8,DB LS STA/CTRL FAIL,3,7,2,14,,,,,STATUS,DB25SC8STATUS,172.17.4.81,1,185,,
32688,DB,25SC9,DB LS STA/CTRL FAIL,3,7,2,15,,,,,STATUS,DB25SC9STATUS,172.17.4.81,1,186,,
06916,DB,RCV1,DB TX1 REG C VOLTS,3,7,,,2,,,0.1,ANALOG,DBRCV1ANALOG,172.17.4.81,1,26,,
06912,DB,P3,DB PULSE ACCUMULATOR 3,3,7,,,,,,4.8,PULSE,DBP3PULSE,#N/A,1,#N/A,,
32684,DB,6133S,DB HS BKR 1 BYPASS POS,3,7,3,0,,,,,STATUS,DB6133SSTATUS,172.17.4.81,1,21,,
32685,DB,S3781,DB S3781 TX1 LBI,3,7,3,1,,,,,STATUS,DBS3781STATUS,172.17.4.81,1,64,,
32685,DB,S3781,S3781 TX1 LBI CLOSE,3,7,,,,18,1,,RELAY,DBS3781RELAY,172.17.4.81,1,17,,
32685,DB,S3781,S3781 TX1 LBI OPEN,3,7,,,,18,0,,RELAY,DBS3781RELAY,172.17.4.81,1,17,,
32690,DB,351SC1,DB BKR 1 RELAY FAIL,3,7,3,2,,,,,STATUS,DB351SC1STATUS,172.17.4.81,1,188,,
32691,DB,351SC2,DB BKR 2 RELAY FAIL,3,7,3,3,,,,,STATUS,DB351SC2STATUS,172.17.4.81,1,189,,
32692,DB,351SC3,DB BKR 3 RELAY FAIL,3,7,3,4,,,,,STATUS,DB351SC3STATUS,172.17.4.81,1,190,,
32693,DB,25SC1,DB TX1 STA/CTRL FAIL,3,7,3,5,,,,,STATUS,DB25SC1STATUS,172.17.4.81,1,178,,
32694,DB,25SC11,DB MOSW STA/CTRL FAIL,3,7,3,6,,,,,STATUS,DB25SC11STATUS,172.17.4.81,1,182,,
32695,DB,35T1SC,DB TX1 3530 FAIL,3,7,3,7,,,,,STATUS,DB35T1SCSTATUS,172.17.4.81,1,170,,
32696,DB,HUMID,DB CTRL HSE HUMIDITY,3,7,3,8,,,,,STATUS,DBHUMIDSTATUS,172.17.4.81,1,216,,
32568,DB,1R,DB BKR 1 RECLOSER,3,7,3,9,,,,,STATUS,DB1RSTATUS,172.17.4.81,1,67,,
32568,DB,1R,BKR 1 RECLOSE OFF,3,7,,,,19,1,,RELAY,DB1RRELAY,172.17.4.81,1,19,,
32568,DB,1R,BKR 1 RECLOSE ON,3,7,,,,19,0,,RELAY,DB1RRELAY,172.17.4.81,1,19,,
32697,DB,1GT,DB BKR 1 GRND TRIP BLK,3,7,3,10,,,,,STATUS,DB1GTSTATUS,172.17.4.81,1,68,,
32697,DB,1GT,BKR 1 GRND TRIP BLK,3,7,,,,20,1,,RELAY,DB1GTRELAY,172.17.4.81,1,20,,
32697,DB,1GT,BKR 1 GRND TRIP ENABLE,3,7,,,,20,0,,RELAY,DB1GTRELAY,172.17.4.81,1,20,,
32698,DB,1LR,DB BKR 1 LOC/REM SW,3,7,3,11,,,,,STATUS,DB1LRSTATUS,172.17.4.81,1,69,,
32699,DB,2R,DB BKR 2 RECLOSER,3,7,3,12,,,,,STATUS,DB2RSTATUS,172.17.4.81,1,79,,
32699,DB,2R,BKR 2 RECLOSE OFF,3,7,,,,21,1,,RELAY,DB2RRELAY,172.17.4.81,1,24,,
32699,DB,2R,BKR 2 RECLOSE ON,3,7,,,,21,0,,RELAY,DB2RRELAY,172.17.4.81,1,24,,
32700,DB,2GT,DB BKR 2 GRND TRIP BLK,3,7,3,13,,,,,STATUS,DB2GTSTATUS,172.17.4.81,1,80,,
32700,DB,2GT,BKR 2 GRND TRIP BLK,3,7,,,,22,1,,RELAY,DB2GTRELAY,172.17.4.81,1,25,,
32700,DB,2GT,BKR 2 GRND TRIP ENABLE,3,7,,,,22,0,,RELAY,DB2GTRELAY,172.17.4.81,1,25,,
32701,DB,2LR,DB BKR 2 LOC/REM SW,3,7,3,14,,,,,STATUS,DB2LRSTATUS,172.17.4.81,1,81,,
32702,DB,3R,DB BKR 3 RECLOSER,3,7,3,15,,,,,STATUS,DB3RSTATUS,172.17.4.81,1,91,,
32702,DB,3R,BKR 3 RECLOSE OFF,3,7,,,,23,1,,RELAY,DB3RRELAY,172.17.4.81,1,29,,
32702,DB,3R,BKR 3 RECLOSE ON,3,7,,,,23,0,,RELAY,DB3RRELAY,172.17.4.81,1,29,,
06917,DB,TX1A,DB TX1 LS A AMPS,3,7,,,3,,,0.8,ANALOG,DBTX1AANALOG,172.17.4.81,1,27,,
32703,DB,3GT,DB BKR 3 GRND TRIP BLK,3,7,4,0,,,,,STATUS,DB3GTSTATUS,172.17.4.81,1,92,,
32703,DB,3GT,DB BKR 3 GRND TRIP BLOCKED,3,7,,,,24,1,,RELAY,DB3GTRELAY,172.17.4.81,1,30,,
32703,DB,3GT,DB BKR 3 GRND TRIP NORMAL,3,7,,,,24,0,,RELAY,DB3GTRELAY,172.17.4.81,1,30,,
32705,DB,3LR,DB BKR 3 LOC/REM SW,3,7,4,1,,,,,STATUS,DB3LRSTATUS,172.17.4.81,1,93,,
32706,DB,35C101,DB BKR 1 CTRL COM,3,7,4,2,,,,,STATUS,DB35C101STATUS,172.17.4.81,1,114,,
32707,DB,35C102,DB BKR 2 CTRL COM,3,7,4,3,,,,,STATUS,DB35C102STATUS,172.17.4.81,1,115,,
32708,DB,35C103,DB BKR 3 CTRL COM,3,7,4,4,,,,,STATUS,DB35C103STATUS,172.17.4.81,1,116,,
32709,DB,35C118,DB BKR 1 STA COM,3,7,4,5,,,,,STATUS,DB35C118STATUS,172.17.4.81,1,131,,
32710,DB,35C119,DB BKR 2 STA COM,3,7,4,6,,,,,STATUS,DB35C119STATUS,172.17.4.81,1,132,,
32711,DB,35C120,DB BKR 3 STA COM,3,7,4,7,,,,,STATUS,DB35C120STATUS,172.17.4.81,1,133,,
32741,DB,35C123,DB TX1 2505 STA/CTRL COM,3,7,4,8,,,,,STATUS,DB35C123STATUS,172.17.4.81,1,136,,
32749,DB,35C127,DB MOSW STA/CTRL COM,3,7,4,9,,,,,STATUS,DB35C127STATUS,172.17.4.81,1,140,,
32750,DB,35C125,DB LS 2505 STA/CTRL COM,3,7,4,10,,,,,STATUS,DB35C125STATUS,172.17.4.81,1,138,,
32751,DB,387SC2,DB TX2 DIFF PROT FAIL,3,7,4,11,,,,,STATUS,DB387SC2STATUS,172.17.4.82,1,175,,
32752,DB,501SC2,DB TX2 OVERCURRENT FAIL,3,7,4,12,,,,,STATUS,DB501SC2STATUS,172.17.4.82,1,176,,
32754,DB,21T2SC,DB TX2 2100 FAIL,3,7,4,13,,,,,STATUS,DB21T2SCSTATUS,172.17.4.82,1,179,,
32755,DB,MET2SC,DB TX2 735 METER FAIL,3,7,4,14,,,,REV 4MAT,STATUS,DBMET2SCSTATUS,172.17.4.82,1,180,,
32756,DB,86TCM2,DB TX2 86T LCKOUT TCM,3,7,4,15,,,,,STATUS,DB86TCM2STATUS,172.17.4.82,1,200,,
06918,DB,TX1B,DB TX1 LS B AMPS,3,7,,,4,,,0.8,ANALOG,DBTX1BANALOG,172.17.4.81,1,28,,
32683,DB,94TCM2,DB TX2 94T TCM,3,7,5,0,,,,,STATUS,DB94TCM2STATUS,172.17.4.82,1,205,,
32757,DB,T2HIAL,DB TX2 CRIT HI TEMP,3,7,5,1,,,,,STATUS,DBT2HIALSTATUS,172.17.4.82,1,56,,
32775,DB,35T2SC,DB TX2 3530 FAIL,3,7,5,2,,,,,STATUS,DB35T2SCSTATUS,172.17.4.82,1,173,,
32758,DB,24T2SC,DB TX2 2411 FAIL,3,7,5,3,,,,,STATUS,DB24T2SCSTATUS,172.17.4.82,1,188,,
32759,DB,TX2TOT,DB TX2 HOT OIL TEMP,3,7,5,4,,,,,STATUS,DBTX2TOTSTATUS,172.17.4.82,1,49,,
32762,DB,TX2HS,DB TX2 HOT SPOT,3,7,5,5,,,,,STATUS,DBTX2HSSTATUS,172.17.4.82,1,50,,
32764,DB,TX2LR,DB TX2 LOC/REM SW,3,7,5,6,,,,,STATUS,DBTX2LRSTATUS,172.17.4.82,1,51,,
32765,DB,TX2K1,DB TX2 VOLT CTRL K1,3,7,5,7,,,,,STATUS,DBTX2K1STATUS,172.17.4.82,1,52,,
32765,DB,TX2K1,TX2 VOLT CTRL K1 ON,3,7,,,,25,1,,RELAY,DBTX2K1RELAY,172.17.4.82,1,9,,
32765,DB,TX2K1,TX2 VOLT CTRL K1 OFF,3,7,,,,25,0,,RELAY,DBTX2K1RELAY,172.17.4.82,1,9,,
32766,DB,TX2K2,DB TX2 VOLT CTRL K2,3,7,5,8,,,,,STATUS,DBTX2K2STATUS,172.17.4.82,1,53,,
32766,DB,TX2K2,TX2 VOLT CTRL K2 ON,3,7,,,,26,1,,RELAY,DBTX2K2RELAY,172.17.4.82,1,10,,
32766,DB,TX2K2,TX2 VOLT CTRL K2 OFF,3,7,,,,26,0,,RELAY,DBTX2K2RELAY,172.17.4.82,1,10,,
32767,DB,TCA2,DB LTC2 AUTO/MAN,3,7,5,9,,,,,STATUS,DBTCA2STATUS,172.17.4.82,1,54,,
32767,DB,TCA2,LTC2 MANUAL,3,7,,,,27,1,,RELAY,DBTCA2RELAY,172.17.4.82,1,8,,
32767,DB,TCA2,LTC2 AUTO,3,7,,,,27,0,,RELAY,DBTCA2RELAY,172.17.4.82,1,8,,
32770,DB,6135S,DB HS BKR 2 BYPASS POS,3,7,5,11,,,,,STATUS,DB6135SSTATUS,172.17.4.82,1,22,,
32771,DB,S3782,DB S3782 TX2 LBI,3,7,5,12,,,,,STATUS,DBS3782STATUS,172.17.4.82,1,64,,
32771,DB,S3782,S3782 TX2 LBI CLOSE,3,7,,,,28,1,,RELAY,DBS3782RELAY,172.17.4.82,1,17,,
32771,DB,S3782,S3782 TX2 LBI OPEN,3,7,,,,28,0,,RELAY,DBS3782RELAY,172.17.4.82,1,17,,
32772,DB,351SC4,DB BKR 4 RELAY FAIL,3,7,5,13,,,,,STATUS,DB351SC4STATUS,172.17.4.82,1,192,,
32773,DB,351SC5,DB BKR 5 RELAY FAIL,3,7,5,14,,,,,STATUS,DB351SC5STATUS,172.17.4.82,1,193,,
32774,DB,351SC6,DB BKR 6 RELAY FAIL,3,7,5,15,,,,,STATUS,DB351SC6STATUS,172.17.4.82,1,194,,
06919,DB,TX1C,DB TX1 LS C AMPS,3,7,,,5,,,0.8,ANALOG,DBTX1CANALOG,172.17.4.81,1,29,,
32778,DB,3784SC,W3784 TIE BKR RELAY FAIL,3,7,6,0,,,,,STATUS,DB3784SCSTATUS,172.17.4.82,1,196,,
32776,DB,25SC2,DB TX2 STA/CTRL FAIL,3,7,6,1,,,,,STATUS,DB25SC2STATUS,172.17.4.82,1,182,,
32779,DB,4R,DB BKR 4 RECLOSER,3,7,6,2,,,,,STATUS,DB4RSTATUS,172.17.4.82,1,67,,
32779,DB,4R,BKR 4 RECLOSE OFF,3,7,,,,29,1,,RELAY,DB4RRELAY,172.17.4.82,1,19,,
32779,DB,4R,BKR 4 RECLOSE ON,3,7,,,,29,0,,RELAY,DB4RRELAY,172.17.4.82,1,19,,
32782,DB,4GT,DB BKR 4 GRND TRIP BLK,3,7,6,3,,,,,STATUS,DB4GTSTATUS,172.17.4.82,1,68,,
32782,DB,4GT,BKR 4 GRND TRIP BLK,3,7,,,,30,1,,RELAY,DB4GTRELAY,172.17.4.82,1,20,,
32782,DB,4GT,BKR 4 GRND TRIP ENABLE,3,7,,,,30,0,,RELAY,DB4GTRELAY,172.17.4.82,1,20,,
32784,DB,4LR,DB BKR 4 LOC/REM SW,3,7,6,4,,,,,STATUS,DB4LRSTATUS,172.17.4.82,1,69,,
32786,DB,5R,DB BKR 5 RECLOSER,3,7,6,5,,,,,STATUS,DB5RSTATUS,172.17.4.82,1,79,,
32786,DB,5R,BKR 5 RECLOSE OFF,3,7,,,,31,1,,RELAY,DB5RRELAY,172.17.4.82,1,24,,
32786,DB,5R,BKR 5 RECLOSE ON,3,7,,,,31,0,,RELAY,DB5RRELAY,172.17.4.82,1,24,,
32787,DB,5GT,DB BKR 5 GRND TRIP BLK,3,7,6,6,,,,,STATUS,DB5GTSTATUS,172.17.4.82,1,80,,
32787,DB,5GT,BKR 5 GRND TRIP BLK,3,7,,,,32,1,,RELAY,DB5GTRELAY,172.17.4.82,1,25,,
32787,DB,5GT,BKR 5 GRND TRIP ENABLE,3,7,,,,32,0,,RELAY,DB5GTRELAY,172.17.4.82,1,25,,
32788,DB,5LR,DB BKR 5 LOC/REM SW,3,7,6,7,,,,,STATUS,DB5LRSTATUS,172.17.4.82,1,81,,
32792,DB,6R,DB BKR 6 RECLOSER,3,7,6,8,,,,,STATUS,DB6RSTATUS,172.17.4.82,1,91,,
32792,DB,6R,BKR 6 RECLOSE OFF,3,7,,,,33,1,,RELAY,DB6RRELAY,172.17.4.82,1,29,,
32792,DB,6R,BKR 6 RECLOSE ON,3,7,,,,33,0,,RELAY,DB6RRELAY,172.17.4.82,1,29,,
32796,DB,6GT,DB BKR 6 GRND TRIP BLK,3,7,6,9,,,,,STATUS,DB6GTSTATUS,172.17.4.82,1,92,,
32796,DB,6GT,BKR 6 GRND TRIP BLK,3,7,,,,34,1,,RELAY,DB6GTRELAY,172.17.4.82,1,30,,
32796,DB,6GT,BKR 6 GRND TRIP ENABLE,3,7,,,,34,0,,RELAY,DB6GTRELAY,172.17.4.82,1,30,,
32797,DB,6LR,DB BKR 6 LOC/REM SW,3,7,6,10,,,,,STATUS,DB6LRSTATUS,172.17.4.82,1,93,,
32818,DB,W3784,DB TIE BKR 1 POS,3,7,6,11,,,,,STATUS,DBW3784STATUS,172.17.4.82,1,114,,
32818,DB,W3784,W3784 TIE BKR 1 TRIP,3,7,,,,35,1,,RELAY,DBW3784RELAY,172.17.4.82,1,38,,
32818,DB,W3784,W3784 TIE BKR 1 CLOSE,3,7,,,,35,0,,RELAY,DBW3784RELAY,172.17.4.82,1,38,,
32820,DB,3784LR,DB TIE BKR 1 LOC/REM,3,7,6,12,,,,,STATUS,DB3784LRSTATUS,172.17.4.82,1,115,,
32821,DB,35C201,DB BKR 4 CTRL COM,3,7,6,13,,,,,STATUS,DB35C201STATUS,172.17.4.82,1,118,,
32822,DB,35C202,DB BKR 5 CTRL COM,3,7,6,14,,,,,STATUS,DB35C202STATUS,172.17.4.82,1,119,,
32823,DB,35C203,DB BKR 6 CTRL COM,3,7,6,15,,,,,STATUS,DB35C203STATUS,172.17.4.82,1,120,,
06920,DB,TX1W,DB TX1 WATTS,3,7,,,6,,,32,ANALOG,DBTX1WANALOG,172.17.4.81,1,31,,
32824,DB,35C205,W3784 CTRL COM,3,7,7,0,,,,,STATUS,DB35C205STATUS,172.17.4.82,1,122,,
32826,DB,35C218,DB BKR 4 STA COM,3,7,7,1,,,,,STATUS,DB35C218STATUS,172.17.4.82,1,135,,
32827,DB,35C219,DB BKR 5 STA COM,3,7,7,2,,,,,STATUS,DB35C219STATUS,172.17.4.82,1,136,,
32828,DB,35C220,DB BKR 6 STA COM,3,7,7,3,,,,,STATUS,DB35C220STATUS,172.17.4.82,1,137,,
32829,DB,35C222,W3784 STA COM,3,7,7,4,,,,,STATUS,DB35C222STATUS,172.17.4.82,1,139,,
32830,DB,35C223,DB TX2 2505 STA/CTRL COM,3,7,7,5,,,,,STATUS,DB35C223STATUS,172.17.4.82,1,140,,
32831,DB,35C225,DB LS 2505 STA/CTRL COM,3,7,7,6,,,,,STATUS,DB35C225STATUS,172.17.4.82,1,142,,
32832,DB,387SC3,DB TX3 DIFF PROT FAIL,3,7,7,7,,,,,STATUS,DB387SC3STATUS,172.17.4.83,1,175,,
32833,DB,501SC3,DB TX3 OVERCURRENT FAIL,3,7,7,8,,,,,STATUS,DB501SC3STATUS,172.17.4.83,1,176,,
32834,DB,21T3SC,DB TX3 2100 FAIL,3,7,7,9,,,,,STATUS,DB21T3SCSTATUS,172.17.4.83,1,179,,
32835,DB,MET3SC,DB TX3 735 METER FAIL,3,7,7,10,,,,REV 4MAT,STATUS,DBMET3SCSTATUS,172.17.4.83,1,180,,
32836,DB,86TCM3,DB TX3 86T LCKOUT TCM,3,7,7,11,,,,,STATUS,DB86TCM3STATUS,172.17.4.83,1,200,,
32837,DB,94TCM3,DB TX3 94T TCM,3,7,7,12,,,,,STATUS,DB94TCM3STATUS,172.17.4.83,1,205,,
32838,DB,T3HIAL,DB TX3 CRIT HI TEMP,3,7,7,13,,,,,STATUS,DBT3HIALSTATUS,172.17.4.83,1,56,,
32825,DB,35T3SC,DB TX3 3530 FAIL,3,7,7,14,,,,,STATUS,DB35T3SCSTATUS,172.17.4.83,1,174,,
32839,DB,24T3SC,DB TX3 2411 FAIL,3,7,7,15,,,,,STATUS,DB24T3SCSTATUS,172.17.4.83,1,188,,
32840,DB,TX3TOT,DB TX3 HOT OIL TEMP,3,7,8,0,,,,,STATUS,DBTX3TOTSTATUS,172.17.4.83,1,49,,
32841,DB,TX3HS,DB TX3 HOT SPOT,3,7,8,1,,,,,STATUS,DBTX3HSSTATUS,172.17.4.83,1,50,,
32842,DB,TX3LR,DB TX3 LOC/REM SW,3,7,8,2,,,,,STATUS,DBTX3LRSTATUS,172.17.4.83,1,51,,
32843,DB,TX3K1,DB TX3 VOLT CTRL K1,3,7,8,3,,,,,STATUS,DBTX3K1STATUS,172.17.4.83,1,52,,
32843,DB,TX3K1,TX3 VOLT CTRL K1 ON,3,7,,,,36,1,,RELAY,DBTX3K1RELAY,172.17.4.83,1,9,,
32843,DB,TX3K1,TX3 VOLT CTRL K1 OFF,3,7,,,,36,0,,RELAY,DBTX3K1RELAY,172.17.4.83,1,9,,
32844,DB,TX3K2,DB TX3 VOLT CTRL K2,3,7,8,4,,,,,STATUS,DBTX3K2STATUS,172.17.4.83,1,53,,
32844,DB,TX3K2,TX3 VOLT CTRL K2 ON,3,7,,,,37,1,,RELAY,DBTX3K2RELAY,172.17.4.83,1,10,,
32844,DB,TX3K2,TX3 VOLT CTRL K2 OFF,3,7,,,,37,0,,RELAY,DBTX3K2RELAY,172.17.4.83,1,10,,
32845,DB,TCA3,DB LTC3 AUTO/MAN,3,7,8,5,,,,,STATUS,DBTCA3STATUS,172.17.4.83,1,54,,
32845,DB,TCA3,LTC3 MANUAL,3,7,,,,38,1,,RELAY,DBTCA3RELAY,172.17.4.83,1,8,,
32845,DB,TCA3,LTC3 AUTO,3,7,,,,38,0,,RELAY,DBTCA3RELAY,172.17.4.83,1,8,,
32846,DB,35C306,DB TX3 387E ALARM COM,3,7,8,6,,,,,STATUS,DB35C306STATUS,172.17.4.83,1,123,,
32847,DB,6137S,DB HS BKR 3 BYPASS POS,3,7,8,7,,,,,STATUS,DB6137SSTATUS,172.17.4.83,1,23,,
32848,DB,S3783,DB S3783 TX3 LBI,3,7,8,8,,,,,STATUS,DBS3783STATUS,172.17.4.83,1,64,,
32848,DB,S3783,S3783 TX3 LBI CLOSE,3,7,,,,39,1,,RELAY,DBS3783RELAY,172.17.4.83,1,17,,
32848,DB,S3783,S3783 TX3 LBI OPEN,3,7,,,,39,0,,RELAY,DBS3783RELAY,172.17.4.83,1,17,,
32849,DB,351SC7,DB BKR 7 RELAY FAIL,3,7,8,9,,,,,STATUS,DB351SC7STATUS,172.17.4.83,1,192,,
32850,DB,351SC8,DB BKR 8 RELAY FAIL,3,7,8,10,,,,,STATUS,DB351SC8STATUS,172.17.4.83,1,193,,
32851,DB,351SC9,DB BKR 9 RELAY FAIL,3,7,8,11,,,,,STATUS,DB351SC9STATUS,172.17.4.83,1,194,,
32852,DB,3785SC,W3785 TIE BKR RELAY FAIL,3,7,8,12,,,,,STATUS,DB3785SCSTATUS,172.17.4.83,1,196,,
32853,DB,25SC3,DB TX3 STA/CTRL FAIL,3,7,8,13,,,,,STATUS,DB25SC3STATUS,172.17.4.83,1,182,,
32854,DB,7R,DB BKR 7 RECLOSER,3,7,8,14,,,,,STATUS,DB7RSTATUS,172.17.4.83,1,67,,
32854,DB,7R,BKR 7 RECLOSE OFF,3,7,,,,40,1,,RELAY,DB7RRELAY,172.17.4.83,1,19,,
32854,DB,7R,BKR 7 RECLOSE ON,3,7,,,,40,0,,RELAY,DB7RRELAY,172.17.4.83,1,19,,
32856,DB,7GT,DB BKR 7 GRND TRIP BLK,3,7,8,15,,,,,STATUS,DB7GTSTATUS,172.17.4.83,1,68,,
32856,DB,7GT,BKR 7 GRND TRIP BLK,3,7,,,,41,1,,RELAY,DB7GTRELAY,172.17.4.83,1,20,,
32856,DB,7GT,BKR 7 GRND TRIP ENABLE,3,7,,,,41,0,,RELAY,DB7GTRELAY,172.17.4.83,1,20,,
32861,DB,7LR,DB BKR 7 LOC/REM SW,3,7,9,0,,,,,STATUS,DB7LRSTATUS,172.17.4.83,1,69,,
32907,DB,8R,DB BKR 8 RECLOSER,3,7,9,1,,,,,STATUS,DB8RSTATUS,172.17.4.83,1,79,,
32907,DB,8R,BKR 8 RECLOSE OFF,3,7,,,,42,1,,RELAY,DB8RRELAY,172.17.4.83,1,24,,
32907,DB,8R,BKR 8 RECLOSE ON,3,7,,,,42,0,,RELAY,DB8RRELAY,172.17.4.83,1,24,,
32912,DB,8GT,DB BKR 8 GRND TRIP BLK,3,7,9,2,,,,,STATUS,DB8GTSTATUS,172.17.4.83,1,80,,
32912,DB,8GT,BKR 8 GRND TRIP BLK,3,7,,,,43,1,,RELAY,DB8GTRELAY,172.17.4.83,1,25,,
32912,DB,8GT,BKR 8 GRND TRIP ENABLE,3,7,,,,43,0,,RELAY,DB8GTRELAY,172.17.4.83,1,25,,
32932,DB,8LR,DB BKR 8 LOC/REM SW,3,7,9,3,,,,,STATUS,DB8LRSTATUS,172.17.4.83,1,81,,
32929,DB,9R,DB BKR 9 RECLOSER,3,7,9,4,,,,,STATUS,DB9RSTATUS,172.17.4.83,1,91,,
32929,DB,9R,BKR 9 RECLOSE OFF,3,7,,,,44,1,,RELAY,DB9RRELAY,172.17.4.83,1,29,,
32929,DB,9R,BKR 9 RECLOSE ON,3,7,,,,44,0,,RELAY,DB9RRELAY,172.17.4.83,1,29,,
32933,DB,9GT,DB BKR 9 GRND TRIP BLK,3,7,9,5,,,,,STATUS,DB9GTSTATUS,172.17.4.83,1,92,,
32933,DB,9GT,BKR 9 GRND TRIP BLK,3,7,,,,45,1,,RELAY,DB9GTRELAY,172.17.4.83,1,30,,
32933,DB,9GT,BKR 9 GRND TRIP ENABLE,3,7,,,,45,0,,RELAY,DB9GTRELAY,172.17.4.83,1,30,,
32934,DB,9LR,DB BKR 9 LOC/REM SW,3,7,9,6,,,,,STATUS,DB9LRSTATUS,172.17.4.83,1,93,,
32935,DB,W3785,DB TIE BKR 2 POS,3,7,9,7,,,,,STATUS,DBW3785STATUS,172.17.4.83,1,114,,
32935,DB,W3785,W3785 TIE BKR 2 TRIP,3,7,,,,46,1,,RELAY,DBW3785RELAY,172.17.4.83,1,38,,
32935,DB,W3785,W3785 TIE BKR 2 CLOSE,3,7,,,,46,0,,RELAY,DBW3785RELAY,172.17.4.83,1,38,,
33482,DB,3785LR,DB TIE BKR 2 LOC/REM,3,7,9,8,,,,,STATUS,DB3785LRSTATUS,172.17.4.83,1,115,,
32950,DB,35C301,DB BKR 7 CTRL COM,3,7,9,9,,,,,STATUS,DB35C301STATUS,172.17.4.83,1,118,,
32951,DB,35C302,DB BKR 8 CTRL COM,3,7,9,10,,,,,STATUS,DB35C302STATUS,172.17.4.83,1,119,,
32952,DB,35C303,DB BKR 9 CTRL COM,3,7,9,11,,,,,STATUS,DB35C303STATUS,172.17.4.83,1,120,,
32953,DB,35C305,W3785 CTRL COM,3,7,9,12,,,,,STATUS,DB35C305STATUS,172.17.4.83,1,122,,
32954,DB,35C318,DB BKR 7 STA COM,3,7,9,13,,,,,STATUS,DB35C318STATUS,172.17.4.83,1,135,,
32955,DB,35C319,DB BKR 8 STA COM,3,7,9,14,,,,,STATUS,DB35C319STATUS,172.17.4.83,1,136,,
32956,DB,35C320,DB BKR 9 STA COM,3,7,9,15,,,,,STATUS,DB35C320STATUS,172.17.4.83,1,137,,
35215,DB,35C322,W3785 STA COM,3,7,10,0,,,,,STATUS,DB35C322STATUS,172.17.4.83,1,139,,
37023,DB,35C323,DB TX3 2505 STA/CTRL COM,3,7,10,1,,,,,STATUS,DB35C323STATUS,172.17.4.83,1,140,,
33037,DB,35C325,DB LS 2505 STA/CTRL COM,3,7,10,2,,,,,STATUS,DB35C325STATUS,172.17.4.83,1,142,,
32957,DB,MSB,DB MOSW BLKING,3,7,10,3,,,,,STATUS,DBMSBSTATUS,172.17.4.81,1,241,,
32957,DB,MSB,MOSW BLKING ENABLE,3,7,,,,47,1,,RELAY,DBMSBRELAY,172.17.4.81,1,38,,
32957,DB,MSB,MOSW BLKING DISABLE,3,7,,,,47,0,,RELAY,DBMSBRELAY,172.17.4.81,1,38,,
33481,DB,BATTAC,DB BATT AC VOLT ALARM 2,3,7,10,4,,,,,STATUS,DBBATTACSTATUS,172.17.4.81,1,219,,
34710,DB,1UF,DB BKR 1 UNDER FREQ TRIP,3,7,10,5,,,,,STATUS,DB1UFSTATUS,172.17.4.81,1,70,,
34761,DB,4UF,DB BKR 4 UNDER FREQ TRIP,3,7,10,6,,,,,STATUS,DB4UFSTATUS,172.17.4.82,1,70,,
34763,DB,5UF,DB BKR 5 UNDER FREQ TRIP,3,7,10,7,,,,,STATUS,DB5UFSTATUS,172.17.4.82,1,82,,
34764,DB,7UF,DB BKR 7 UNDER FREQ TRIP,3,7,10,8,,,,,STATUS,DB7UFSTATUS,172.17.4.83,1,70,,
34765,DB,1POT,DB BKR 1 LOSS POT FOR UF,3,7,10,9,,,,,STATUS,DB1POTSTATUS,172.17.4.81,1,73,,
34766,DB,2POT,DB BKR 2 LOSS POT FOR UF,3,7,10,10,,,,,STATUS,DB2POTSTATUS,172.17.4.81,1,82,,
34767,DB,3POT,DB BKR 3 LOSS POT FOR UF,3,7,10,11,,,,,STATUS,DB3POTSTATUS,172.17.4.81,1,97,,
34768,DB,4POT,DB BKR 4 LOSS POT FOR UF,3,7,10,12,,,,,STATUS,DB4POTSTATUS,172.17.4.82,1,73,,
34769,DB,5POT,DB BKR 5 LOSS POT FOR UF,3,7,10,13,,,,,STATUS,DB5POTSTATUS,172.17.4.82,1,85,,
34770,DB,6POT,DB BKR 6 LOSS POT FOR UF,3,7,10,14,,,,,STATUS,DB6POTSTATUS,172.17.4.82,1,97,,
34771,DB,7POT,DB BKR 7 LOSS POT FOR UF,3,7,10,15,,,,,STATUS,DB7POTSTATUS,172.17.4.83,1,73,,
06924,DB,LTC1,DB LTC1 TAP POS,3,7,,,10,,,0.0078,ANALOG,DBLTC1ANALOG,172.17.4.81,1,21,,
34772,DB,8POT,DB BKR 8 LOSS POT FOR UF,3,7,11,0,,,,,STATUS,DB8POTSTATUS,172.17.4.83,1,85,,
34773,DB,9POT,DB BKR 9 LOSS POT FOR UF,3,7,11,1,,,,,STATUS,DB9POTSTATUS,172.17.4.83,1,97,,
35059,DB,2UF,DB BKR 2 UNDER FREQ TRIP,3,7,11,2,,,,,STATUS,DB2UFSTATUS,172.17.4.81,1,82,,
35060,DB,3UF,DB BKR 3 UNDER FREQ TRIP,3,7,11,3,,,,,STATUS,DB3UFSTATUS,172.17.4.81,1,94,,
35061,DB,6UF,DB BKR 6 UNDER FREQ TRIP,3,7,11,4,,,,,STATUS,DB6UFSTATUS,172.17.4.82,1,94,,
35062,DB,8UF,DB BKR 8 UNDER FREQ TRIP,3,7,11,5,,,,,STATUS,DB8UFSTATUS,172.17.4.83,1,82,,
35063,DB,9UF,DB BKR 9 UNDER FREQ TRIP,3,7,11,6,,,,,STATUS,DB9UFSTATUS,172.17.4.83,1,94,,
35984,DB,35C128,DB TX1 2411 FUTURE COM,3,7,11,7,,,,,STATUS,DB35C128STATUS,172.17.4.81,1,141,,
35985,DB,35C228,DB TX2 2411 FUTURE COM,3,7,11,8,,,,,STATUS,DB35C228STATUS,172.17.4.82,1,145,,
31819,DB,6HL,DB BKR 6 HL NON-RECL,3,7,11,9,,,,,STATUS,DB6HLSTATUS,172.17.4.82,1,96,,
31819,DB,6HL,BKR 6 HL ENABLE,3,7,,,,48,1,,RELAY,DB6HLRELAY,172.17.4.82,1,31,,
31819,DB,6HL,BKR 6 HL DISABLE,3,7,,,,48,0,,RELAY,DB6HLRELAY,172.17.4.82,1,31,,
32319,DB,35C328,DB TX3 2411 FUTURE COM,3,7,11,10,,,,,STATUS,DB35C328STATUS,172.17.4.83,1,145,,
31777,DB,M6138S,HS MOBILE TX DISC SW,3,7,11,12,,,,,STATUS,DBM6138SSTATUS,172.17.4.83,1,30,,
36582,DB,MET1CP,DB TX1 METERING COM,3,7,11,13,,,,,STATUS,DBMET1CPSTATUS,172.17.4.81,1,121,,
36583,DB,MET2CP,DB TX2 METERING COM,3,7,11,14,,,,,STATUS,DBMET2CPSTATUS,172.17.4.82,1,125,,
36584,DB,MET3CP,DB TX3 METERING COM,3,7,11,15,,,,,STATUS,DBMET3CPSTATUS,172.17.4.83,1,125,,
06925,DB,1A,DB BKR 1 A AMPS,3,7,,,11,,,0.586223,ANALOG,DB1AANALOG,172.17.4.81,1,46,,
35949,DB,TX1NHI,DB TX1 TANK NITRO HI PRS,3,7,12,0,,,,,STATUS,DBTX1NHISTATUS,172.17.4.81,1,33,,
35950,DB,TX1NLO,DB TX1 TANK NITRO LO PRS,3,7,12,1,,,,,STATUS,DBTX1NLOSTATUS,172.17.4.81,1,34,,
35951,DB,T1NCLO,DB TX1 NITRO CYL LO PRS,3,7,12,2,,,,,STATUS,DBT1NCLOSTATUS,172.17.4.81,1,35,,
35952,DB,T1PR,DB TX1 TANK PRS RELIEF,3,7,12,3,,,,,STATUS,DBT1PRSTATUS,172.17.4.81,1,36,,
35953,DB,TCPR1,DB LTC1 PRS RELIEF,3,7,12,4,,,,,STATUS,DBTCPR1STATUS,172.17.4.81,1,45,,
35954,DB,T1F1AC,DB TX1 STG1 FANS LOSS AC,3,7,12,5,,,,,STATUS,DBT1F1ACSTATUS,172.17.4.81,1,31,,
35955,DB,TX1LO,DB TX1 TANK LO OIL ,3,7,12,6,,,,,STATUS,DBTX1LOSTATUS,172.17.4.81,1,38,,
35956,DB,TX1HI,DB TX1 TANK HI OIL,3,7,12,7,,,,,STATUS,DBTX1HISTATUS,172.17.4.81,1,39,,
35957,DB,LTC1LO,DB LTC1 TANK LO OIL,3,7,12,8,,,,,STATUS,DBLTC1LOSTATUS,172.17.4.81,1,41,,
35958,DB,TC1PWR,DB LTC1 LOSS OF POWER,3,7,12,9,,,,,STATUS,DBTC1PWRSTATUS,172.17.4.81,1,42,,
35959,DB,TCP1,DB LTC1 OFF TAP,3,7,12,10,,,,,STATUS,DBTCP1STATUS,172.17.4.81,1,43,,
35960,DB,LTCMT1,DB LTC1 MOTOR HI TEMP,3,7,12,11,,,,,STATUS,DBLTCMT1STATUS,172.17.4.81,1,44,,
35961,DB,86X1,DB LTC1 LCKOUT BLKS LTC,3,7,12,12,,,,,STATUS,DB86X1STATUS,172.17.4.81,1,46,,
35962,DB,T1FAN1,DB TX1 STG1 FANS,3,7,12,13,,,,,STATUS,DBT1FAN1STATUS,172.17.4.81,1,47,,
35962,DB,T1FAN1,TX1 STAGE1 FANS ON,3,7,,,,49,1,,RELAY,DBT1FAN1RELAY,172.17.4.81,1,6,,
35962,DB,T1FAN1,TX1 STAGE1 FANS OFF,3,7,,,,49,0,,RELAY,DBT1FAN1RELAY,172.17.4.81,1,6,,
35963,DB,T1FAN2,DB TX1 STG2 FANS,3,7,12,14,,,,,STATUS,DBT1FAN2STATUS,172.17.4.81,1,48,,
35963,DB,T1FAN2,TX1 STAGE2 FANS ON,3,7,,,,50,1,,RELAY,DBT1FAN2RELAY,172.17.4.81,1,7,,
35963,DB,T1FAN2,TX1 STAGE2 FANS OFF,3,7,,,,50,0,,RELAY,DBT1FAN2RELAY,172.17.4.81,1,7,,
35964,DB,35C111,DB TX1 2411 ALARMS COM,3,7,12,15,,,,,STATUS,DB35C111STATUS,172.17.4.81,1,124,,
06926,DB,1B,DB BKR 1 B AMPS,3,7,,,12,,,0.586223,ANALOG,DB1BANALOG,172.17.4.81,1,47,,
35968,DB,TX2NHI,DB TX2 TANK NITRO HI PRS,3,7,13,0,,,,,STATUS,DBTX2NHISTATUS,172.17.4.82,1,33,,
35969,DB,TX2NLO,DB TX2 TANK NITRO LO PRS,3,7,13,1,,,,,STATUS,DBTX2NLOSTATUS,172.17.4.82,1,34,,
35970,DB,T2NCLO,DB TX2 NITRO CYL LO PRS,3,7,13,2,,,,,STATUS,DBT2NCLOSTATUS,172.17.4.82,1,35,,
35971,DB,T2PR,DB TX2 TANK PRS RELIEF,3,7,13,3,,,,,STATUS,DBT2PRSTATUS,172.17.4.82,1,36,,
35972,DB,TCPR2,DB LTC2 PRS RELIEF,3,7,13,4,,,,,STATUS,DBTCPR2STATUS,172.17.4.82,1,45,,
35973,DB,T2SP,DB TX2 TANK SUDDEN PRS,3,7,13,5,,,,,STATUS,DBT2SPSTATUS,172.17.4.82,1,37,,
35974,DB,TX2LO,DB TX2 TANK LO OIL ,3,7,13,6,,,,,STATUS,DBTX2LOSTATUS,172.17.4.82,1,38,,
35975,DB,TX2HI,DB TX2 TANK HI OIL,3,7,13,7,,,,,STATUS,DBTX2HISTATUS,172.17.4.82,1,39,,
35976,DB,LTC2LO,DB LTC2 TANK LO OIL,3,7,13,8,,,,,STATUS,DBLTC2LOSTATUS,172.17.4.82,1,41,,
35977,DB,TC2PWR,DB LTC2 LOSS OF POWER,3,7,13,9,,,,,STATUS,DBTC2PWRSTATUS,172.17.4.82,1,42,,
35978,DB,TCP2,DB LTC2 OFF TAP,3,7,13,10,,,,,STATUS,DBTCP2STATUS,172.17.4.82,1,43,,
35979,DB,LTCMT2,DB LTC2 MOTOR HI TEMP,3,7,13,11,,,,,STATUS,DBLTCMT2STATUS,172.17.4.82,1,44,,
35980,DB,86X2,DB LTC2 LCKOUT BLKS LTC,3,7,13,12,,,,,STATUS,DB86X2STATUS,172.17.4.82,1,46,,
35981,DB,T2FAN1,DB TX2 STG1 FANS,3,7,13,13,,,,,STATUS,DBT2FAN1STATUS,172.17.4.82,1,47,,
35981,DB,T2FAN1,TX2 STAGE1 FANS ON,3,7,,,,51,1,,RELAY,DBT2FAN1RELAY,172.17.4.82,1,6,,
35981,DB,T2FAN1,TX2 STAGE1 FANS OFF,3,7,,,,51,0,,RELAY,DBT2FAN1RELAY,172.17.4.82,1,6,,
35982,DB,T2FAN2,DB TX2 STG2 FANS,3,7,13,14,,,,,STATUS,DBT2FAN2STATUS,172.17.4.82,1,48,,
35982,DB,T2FAN2,TX2 STAGE2 FANS ON,3,7,,,,52,1,,RELAY,DBT2FAN2RELAY,172.17.4.82,1,7,,
35982,DB,T2FAN2,TX2 STAGE2 FANS OFF,3,7,,,,52,0,,RELAY,DBT2FAN2RELAY,172.17.4.82,1,7,,
35983,DB,35C211,DB TX2 2411 ALARMS COM,3,7,13,15,,,,,STATUS,DB35C211STATUS,172.17.4.82,1,128,,
06927,DB,1C,DB BKR 1 C AMPS,3,7,,,13,,,0.586223,ANALOG,DB1CANALOG,172.17.4.81,1,48,,
36842,DB,79LO1,DB BKR 1 LCKOUT,3,7,14,0,,,,,STATUS,DB79LO1STATUS,172.17.4.81,1,74,,
36843,DB,79LO2,DB BKR 2 LCKOUT,3,7,14,1,,,,,STATUS,DB79LO2STATUS,172.17.4.81,1,80,,
36844,DB,79LO3,DB BKR 3 LCKOUT,3,7,14,2,,,,,STATUS,DB79LO3STATUS,172.17.4.81,1,98,,
36845,DB,79LO4,DB BKR 4 LCKOUT,3,7,14,3,,,,,STATUS,DB79LO4STATUS,172.17.4.82,1,74,,
36846,DB,79LO5,DB BKR 5 LCKOUT,3,7,14,4,,,,,STATUS,DB79LO5STATUS,172.17.4.82,1,86,,
36847,DB,79LO6,DB BKR 6 LCKOUT,3,7,14,5,,,,,STATUS,DB79LO6STATUS,172.17.4.82,1,98,,
36848,DB,79LO7,DB BKR 7 LCKOUT,3,7,14,6,,,,,STATUS,DB79LO7STATUS,172.17.4.83,1,74,,
36849,DB,79LO8,DB BKR 8 LCKOUT,3,7,14,7,,,,,STATUS,DB79LO8STATUS,172.17.4.83,1,86,,
36850,DB,79LO9,DB BKR 9 LCKOUT,3,7,14,8,,,,,STATUS,DB79LO9STATUS,172.17.4.83,1,98,,
37005,DB,35C311,DB TX3 2411 ALARMS COM,3,7,14,9,,,,,STATUS,DB35C311STATUS,172.17.4.83,1,128,,
37006,DB,T3FAN1,DB TX3 STG1 FANS,3,7,14,10,,,,,STATUS,DBT3FAN1STATUS,172.17.4.83,1,47,,
37006,DB,T3FAN1,TX3 STAGE1 FANS ON,3,7,,,,53,1,,RELAY,DBT3FAN1RELAY,172.17.4.83,1,6,,
37006,DB,T3FAN1,TX3 STAGE1 FANS OFF,3,7,,,,53,0,,RELAY,DBT3FAN1RELAY,172.17.4.83,1,6,,
37007,DB,T3FAN2,DB TX3 STG2 FANS,3,7,14,11,,,,,STATUS,DBT3FAN2STATUS,172.17.4.83,1,48,,
37007,DB,T3FAN2,TX3 STAGE2 FANS ON,3,7,,,,54,1,,RELAY,DBT3FAN2RELAY,172.17.4.83,1,7,,
37007,DB,T3FAN2,TX3 STAGE2 FANS OFF,3,7,,,,54,0,,RELAY,DBT3FAN2RELAY,172.17.4.83,1,7,,
06928,DB,2A,DB BKR 2 A AMPS,3,7,,,14,,,0.586223,ANALOG,DB2AANALOG,172.17.4.81,1,52,,
37008,DB,T3F1AC,DB TX3 STG1 FANS LOSS AC,3,7,15,0,,,,,STATUS,DBT3F1ACSTATUS,172.17.4.83,1,31,,
37009,DB,T3F2AC,DB TX3 STG2 FANS LOSS AC,3,7,15,1,,,,,STATUS,DBT3F2ACSTATUS,172.17.4.83,1,32,,
37010,DB,TX3NHI,DB TX3 TANK NITRO HI PRS,3,7,15,2,,,,,STATUS,DBTX3NHISTATUS,172.17.4.83,1,33,,
37011,DB,TX3NLO,DB TX3 TANK NITRO LO PRS,3,7,15,3,,,,,STATUS,DBTX3NLOSTATUS,172.17.4.83,1,34,,
37012,DB,T3NCLO,DB TX3 NITRO CYL LO PRS,3,7,15,4,,,,,STATUS,DBT3NCLOSTATUS,172.17.4.83,1,35,,
37013,DB,T3PR,DB TX3 TANK PRS RELIEF,3,7,15,5,,,,,STATUS,DBT3PRSTATUS,172.17.4.83,1,36,,
37014,DB,T3SP,DB TX3 TANK SUDDEN PRS,3,7,15,6,,,,,STATUS,DBT3SPSTATUS,172.17.4.83,1,37,,
37015,DB,TX3LO,DB TX3 TANK LO OIL ,3,7,15,7,,,,,STATUS,DBTX3LOSTATUS,172.17.4.83,1,38,,
37016,DB,TX3CLO,DB TX3 TANK CRIT LO OIL,3,7,15,8,,,,,STATUS,DBTX3CLOSTATUS,172.17.4.83,1,39,,
37017,DB,LTC3LO,DB LTC3 TANK LO OIL,3,7,15,9,,,,,STATUS,DBLTC3LOSTATUS,172.17.4.83,1,41,,
37018,DB,TC3PWR,DB LTC3 LOSS OF POWER,3,7,15,10,,,,,STATUS,DBTC3PWRSTATUS,172.17.4.83,1,42,,
37019,DB,TCP3,DB LTC3 OFF TAP,3,7,15,11,,,,,STATUS,DBTCP3STATUS,172.17.4.83,1,43,,
37020,DB,LTCMT3,DB LTC3 MOTOR HI TEMP,3,7,15,12,,,,,STATUS,DBLTCMT3STATUS,172.17.4.83,1,44,,
37021,DB,TCPR3,DB LTC3 PRS RELIEF,3,7,15,13,,,,,STATUS,DBTCPR3STATUS,172.17.4.83,1,45,,
37022,DB,86X3,DB LTC3 LCKOUT BLKS LTC,3,7,15,14,,,,,STATUS,DB86X3STATUS,172.17.4.83,1,46,,
06929,DB,2B,DB BKR 2 B AMPS,3,7,,,15,,,0.586223,ANALOG,DB2BANALOG,172.17.4.81,1,53,,
06930,DB,2C,DB BKR 2 C AMPS,3,7,,,16,,,0.586223,ANALOG,DB2CANALOG,172.17.4.81,1,54,,
06931,DB,3A,DB BKR 3 A AMPS,3,7,,,17,,,0.586223,ANALOG,DB3AANALOG,172.17.4.81,1,58,,
06932,DB,3B,DB BKR 3 B AMPS,3,7,,,18,,,0.586223,ANALOG,DB3BANALOG,172.17.4.81,1,59,,
06933,DB,3C,DB BKR 3 C AMPS,3,7,,,19,,,0.586223,ANALOG,DB3CANALOG,172.17.4.81,1,60,,
06934,DB,DCV,DC VOLTS,3,7,,,20,,,0.073278,ANALOG,DBDCVANALOG,172.17.4.81,1,70,,
06935,DB,RAV2,DB TX2 REG A VOLTS,3,7,,,21,,,0.1,ANALOG,DBRAV2ANALOG,172.17.4.82,1,24,,
06936,DB,RBV2,DB TX2 REG B VOLTS,3,7,,,22,,,0.1,ANALOG,DBRBV2ANALOG,172.17.4.82,1,25,,
06937,DB,RCV2,DB TX2 REG C VOLTS,3,7,,,23,,,0.1,ANALOG,DBRCV2ANALOG,172.17.4.82,1,26,,
06944,DB,TX2A,DB TX2 LS A AMPS,3,7,,,24,,,0.8,ANALOG,DBTX2AANALOG,172.17.4.82,1,27,,
06973,DB,TX2B,DB TX2 LS B AMPS,3,7,,,25,,,0.8,ANALOG,DBTX2BANALOG,172.17.4.82,1,28,,
06974,DB,TX2C,DB TX2 LS C AMPS,3,7,,,26,,,0.8,ANALOG,DBTX2CANALOG,172.17.4.82,1,29,,
06975,DB,TX2W,DB TX2 WATTS,3,7,,,27,,,32,ANALOG,DBTX2WANALOG,172.17.4.82,1,31,,
06995,DB,LTC2,DB LTC2 TAP POS,3,7,,,31,,,0.0078,ANALOG,DBLTC2ANALOG,172.17.4.82,1,21,,
07017,DB,4A,DB BKR 4 A AMPS,3,7,,,32,,,0.586227,ANALOG,DB4AANALOG,172.17.4.82,1,46,,
07018,DB,4B,DB BKR 4 B AMPS,3,7,,,33,,,0.586224,ANALOG,DB4BANALOG,172.17.4.82,1,47,,
07019,DB,4C,DB BKR 4 C AMPS,3,7,,,34,,,0.586224,ANALOG,DB4CANALOG,172.17.4.82,1,48,,
07020,DB,5A,DB BKR 5 A AMPS,3,7,,,35,,,0.586224,ANALOG,DB5AANALOG,172.17.4.82,1,52,,
07021,DB,5B,DB BKR 5 B AMPS,3,7,,,36,,,0.586224,ANALOG,DB5BANALOG,172.17.4.82,1,53,,
07022,DB,5C,DB BKR 5 C AMPS,3,7,,,37,,,0.586224,ANALOG,DB5CANALOG,172.17.4.82,1,54,,
07023,DB,6A,DB BKR 6 A AMPS,3,7,,,38,,,0.586224,ANALOG,DB6AANALOG,172.17.4.82,1,58,,
07046,DB,6B,DB BKR 6 B AMPS,3,7,,,39,,,0.586224,ANALOG,DB6BANALOG,172.17.4.82,1,59,,
07047,DB,6C,DB BKR 6 C AMPS,3,7,,,40,,,0.586224,ANALOG,DB6CANALOG,172.17.4.82,1,60,,
07048,DB,RAV3,DB TX3 REG A VOLTS,3,7,,,41,,,0.1,ANALOG,DBRAV3ANALOG,172.17.4.83,1,24,,
07049,DB,RBV3,DB TX3 REG B VOLTS,3,7,,,42,,,0.1,ANALOG,DBRBV3ANALOG,172.17.4.83,1,25,,
07051,DB,RCV3,DB TX3 REG C VOLTS,3,7,,,43,,,0.1,ANALOG,DBRCV3ANALOG,172.17.4.83,1,26,,
07052,DB,TX3A,DB TX3 LS A AMPS,3,7,,,44,,,0.8,ANALOG,DBTX3AANALOG,172.17.4.83,1,27,,
07056,DB,TX3B,DB TX3 LS B AMPS,3,7,,,45,,,0.8,ANALOG,DBTX3BANALOG,172.17.4.83,1,28,,
07057,DB,TX3C,DB TX3 LS C AMPS,3,7,,,46,,,0.8,ANALOG,DBTX3CANALOG,172.17.4.83,1,29,,
07058,DB,TX3W,DB TX3 WATTS,3,7,,,47,,,32,ANALOG,DBTX3WANALOG,172.17.4.83,1,31,,
07065,DB,LTC3,DB LTC3 TAP POS,3,7,,,51,,,0.0078,ANALOG,DBLTC3ANALOG,172.17.4.83,1,21,,
07068,DB,7A,DB BKR 7 A AMPS,3,7,,,52,,,0.5862237,ANALOG,DB7AANALOG,172.17.4.83,1,46,,
07069,DB,7B,DB BKR 7 B AMPS,3,7,,,53,,,0.5862237,ANALOG,DB7BANALOG,172.17.4.83,1,47,,
07070,DB,7C,DB BKR 7 C AMPS,3,7,,,54,,,0.5862237,ANALOG,DB7CANALOG,172.17.4.83,1,48,,
07074,DB,8A,DB BKR 8 A AMPS,3,7,,,55,,,0.5862237,ANALOG,DB8AANALOG,172.17.4.83,1,52,,
07076,DB,8B,DB BKR 8 B AMPS,3,7,,,56,,,0.5862237,ANALOG,DB8BANALOG,172.17.4.83,1,53,,
07081,DB,8C,DB BKR 8 C AMPS,3,7,,,57,,,0.5862237,ANALOG,DB8CANALOG,172.17.4.83,1,54,,
07082,DB,9A,DB BKR 9 A AMPS,3,7,,,58,,,0.5862237,ANALOG,DB9AANALOG,172.17.4.83,1,58,,
07133,DB,9B,DB BKR 9 B AMPS,3,7,,,59,,,0.5862237,ANALOG,DB9BANALOG,172.17.4.83,1,59,,
07134,DB,9C,DB BKR 9 C AMPS,3,7,,,60,,,0.5862237,ANALOG,DB9CANALOG,172.17.4.83,1,60,,
05559,DB,PF1M,DB TX1 POWER FACTOR,3,7,,,61,,,0.1,ANALOG,DBPF1MANALOG,172.17.4.81,1,34,,
05560,DB,PF2M,DB TX2 POWER FACTOR,3,7,,,62,,,0.1,ANALOG,DBPF2MANALOG,172.17.4.82,1,34,,
05561,DB,PF3M,DB TX3 POWER FACTOR,3,7,,,63,,,0.1,ANALOG,DBPF3MANALOG,172.17.4.83,1,34,,
05562,DB,TX1FRQ,DB TX1 FREQUENCY,3,7,,,64,,,0.1,ANALOG,DBTX1FRQANALOG,172.17.4.81,1,35,,
05563,DB,TX2FRQ,DB TX2 FREQUENCY,3,7,,,65,,,0.1,ANALOG,DBTX2FRQANALOG,172.17.4.82,1,35,,
05564,DB,TX3FRQ,DB TX3 FREQUENCY,3,7,,,66,,,0.1,ANALOG,DBTX3FRQANALOG,172.17.4.83,1,35,,
05565,DB,KVA1M,DB TX1 KVA METER,3,7,,,67,,,32,ANALOG,DBKVA1MANALOG,172.17.4.81,1,30,,
05566,DB,KVA2M,DB TX2 KVA METER,3,7,,,68,,,32,ANALOG,DBKVA2MANALOG,172.17.4.82,1,30,,
05606,DB,KVA3M,DB TX3 KVA METER,3,7,,,69,,,32,ANALOG,DBKVA3MANALOG,172.17.4.83,1,30,,
05607,DB,MV1,DB TX1 VARS LAG,3,7,,,70,,,32,ANALOG,DBMV1ANALOG,172.17.4.81,1,33,,
05608,DB,MV2,DB TX2 VARS LAG,3,7,,,71,,,32,ANALOG,DBMV2ANALOG,172.17.4.82,1,33,,
05609,DB,MV3,DB TX3 VARS LAG,3,7,,,72,,,32,ANALOG,DBMV3ANALOG,172.17.4.83,1,32,,
05610,DB,MV1-,DB TX1 VARS LEAD,3,7,,,73,,,32,ANALOG,DBMV1-ANALOG,172.17.4.81,1,32,,
05611,DB,MV2-,DB TX2 VARS LEAD,3,7,,,74,,,32,ANALOG,DBMV2-ANALOG,172.17.4.82,1,32,,
05612,DB,MV3-,DB TX3 VARS LEAD,3,7,,,75,,,32,ANALOG,DBMV3-ANALOG,172.17.4.83,1,33,,
09024,DB,KWPHR1,DB TX1 KW PREV HR,3,7,,,77,,,96,ANALOG,DBKWPHR1ANALOG,172.17.4.81,1,36,,
09031,DB,KWPHR2,DB TX2 KW PREV HR,3,7,,,78,,,96,ANALOG,DBKWPHR2ANALOG,172.17.4.82,1,36,,
09032,DB,KWPHR3,DB TX3 KW PREV HR,3,7,,,79,,,96,ANALOG,DBKWPHR3ANALOG,172.17.4.83,1,36,,
08120,DB,1KW,DB BKR 1 WATTS,3,7,,,80,,,10,ANALOG,DB1KWANALOG,172.17.4.81,1,49,,
08121,DB,2KW,DB BKR 2 WATTS,3,7,,,81,,,10,ANALOG,DB2KWANALOG,172.17.4.81,1,55,,
08122,DB,3KW,DB BKR 3 WATTS,3,7,,,82,,,10,ANALOG,DB3KWANALOG,172.17.4.81,1,61,,
08123,DB,4KW,DB BKR 4 WATTS,3,7,,,83,,,10,ANALOG,DB4KWANALOG,172.17.4.82,1,49,,
08124,DB,5KW,DB BKR 5 WATTS,3,7,,,84,,,10,ANALOG,DB5KWANALOG,172.17.4.82,1,55,,
08125,DB,6KW,DB BKR 6 WATTS,3,7,,,85,,,10,ANALOG,DB6KWANALOG,172.17.4.82,1,61,,
08126,DB,7KW,DB BKR 7 WATTS,3,7,,,86,,,10,ANALOG,DB7KWANALOG,172.17.4.83,1,49,,
08127,DB,8KW,DB BKR 8 WATTS,3,7,,,87,,,10,ANALOG,DB8KWANALOG,172.17.4.83,1,55,,
08128,DB,9KW,DB BKR 9 WATTS,3,7,,,88,,,10,ANALOG,DB9KWANALOG,172.17.4.83,1,61,,
08129,DB,1PF,DB BKR 1 POWER FACTOR,3,7,,,89,,,0.1,ANALOG,DB1PFANALOG,172.17.4.81,1,51,,
08130,DB,2PF,DB BKR 2 POWER FACTOR,3,7,,,90,,,0.1,ANALOG,DB2PFANALOG,172.17.4.81,1,57,,
08131,DB,3PF,DB BKR 3 POWER FACTOR,3,7,,,91,,,0.1,ANALOG,DB3PFANALOG,172.17.4.81,1,63,,
08132,DB,4PF,DB BKR 4 POWER FACTOR,3,7,,,92,,,0.1,ANALOG,DB4PFANALOG,172.17.4.82,1,51,,
08133,DB,5PF,DB BKR 5 POWER FACTOR,3,7,,,93,,,0.1,ANALOG,DB5PFANALOG,172.17.4.82,1,57,,
08134,DB,6PF,DB BKR 6 POWER FACTOR,3,7,,,94,,,0.1,ANALOG,DB6PFANALOG,172.17.4.82,1,63,,
08135,DB,7PF,DB BKR 7 POWER FACTOR,3,7,,,95,,,0.1,ANALOG,DB7PFANALOG,172.17.4.83,1,51,,
08136,DB,8PF,DB BKR 8 POWER FACTOR,3,7,,,96,,,0.1,ANALOG,DB8PFANALOG,172.17.4.83,1,57,,
08137,DB,9PF,DB BKR 9 POWER FACTOR,3,7,,,97,,,0.1,ANALOG,DB9PFANALOG,172.17.4.83,1,63,,
07728,DB,T3HST1,DB TX3 WINDING 1 TEMP,3,7,,,98,,,1,ANALOG,DBT3HST1ANALOG,172.17.4.83,1,38,,
07787,DB,T3HST2,DB TX3 WINDING 2 TEMP,3,7,,,99,,,1,ANALOG,DBT3HST2ANALOG,172.17.4.83,1,39,,
07296,DB,T3HST3,DB TX3 WINDING 3 TEMP,3,7,,,100,,,1,ANALOG,DBT3HST3ANALOG,172.17.4.83,1,40,,
07060,DB,TX3TMP,DB TX3 TANK OIL TEMP,3,7,,,101,,,1,ANALOG,DBTX3TMPANALOG,172.17.4.83,1,41,,
07297,DB,TC3TMP,DB LTC3 OIL TEMP,3,7,,,102,,,1,ANALOG,DBTC3TMPANALOG,172.17.4.83,1,42,,
07064,DB,TX3ABT,DB TX3 AMBIENT TEMP,3,7,,,103,,,1,ANALOG,DBTX3ABTANALOG,172.17.4.83,1,43,,
32942,DB,TC1,LTC1 RAISE,3,7,,,,55,1,,RELAY,DBTC1RELAY,172.17.4.81,1,11,,
32942,DB,TC1,LTC1 LOWER,3,7,,,,55,0,,RELAY,DBTC1RELAY,172.17.4.81,1,11,,
32947,DB,TC2,LTC2 RAISE,3,7,,,,56,1,,RELAY,DBTC2RELAY,172.17.4.82,1,11,,
32947,DB,TC2,LTC2 LOWER,3,7,,,,56,0,,RELAY,DBTC2RELAY,172.17.4.82,1,11,,
37759,DB,TC3,LTC3 RAISE,3,7,,,,57,1,,RELAY,DBTC3RELAY,172.17.4.83,1,11,,
37759,DB,TC3,LTC3 LOWER,3,7,,,,57,0,,RELAY,DBTC3RELAY,172.17.4.83,1,11,,
37223,DB,1HL,DB BKR 1 HL NON-RECL,3,8,0,0,,,,,STATUS,DB1HLSTATUS,172.17.4.81,1,72,,
37223,DB,1HL,BKR 1 HL ENABLE,3,7,,,,58,1,,RELAY,DB1HLRELAY,172.17.4.81,1,21,,
37223,DB,1HL,BKR 1 HL DISABLE,3,7,,,,58,0,,RELAY,DB1HLRELAY,172.17.4.81,1,21,,
37224,DB,2HL,DB BKR 2 HL NON-RECL,3,8,+,1,,,,,STATUS,DB2HLSTATUS,172.17.4.81,1,81,,
37224,DB,2HL,BKR 2 HL ENABLE,3,7,,,,59,1,,RELAY,DB2HLRELAY,172.17.4.81,1,26,,
37224,DB,2HL,BKR 2 HL DISABLE,3,7,,,,59,0,,RELAY,DB2HLRELAY,172.17.4.81,1,26,,
37225,DB,3HL,DB BKR 3 HL NON-RECL,3,8,0,2,,,,,STATUS,DB3HLSTATUS,172.17.4.81,1,96,,
37225,DB,3HL,BKR 3 HL ENABLE,3,7,,,,60,1,,RELAY,DB3HLRELAY,172.17.4.81,1,31,,
37225,DB,3HL,BKR 3 HL DISABLE,3,7,,,,60,0,,RELAY,DB3HLRELAY,172.17.4.81,1,31,,
37226,DB,4HL,DB BKR 4 HL NON-RECL,3,8,0,3,,,,,STATUS,DB4HLSTATUS,172.17.4.82,1,72,,
37226,DB,4HL,BKR 4 HL ENABLE,3,7,,,,61,1,,RELAY,DB4HLRELAY,172.17.4.82,1,21,,
37226,DB,4HL,BKR 4 HL DISABLE,3,7,,,,61,0,,RELAY,DB4HLRELAY,172.17.4.82,1,21,,
37227,DB,5HL,DB BKR 5 HL NON-RECL,3,8,0,4,,,,,STATUS,DB5HLSTATUS,172.17.4.82,1,84,,
37227,DB,5HL,BKR 5 HL ENABLE,3,7,,,,62,1,,RELAY,DB5HLRELAY,172.17.4.82,1,26,,
37227,DB,5HL,BKR 5 HL DISABLE,3,7,,,,62,0,,RELAY,DB5HLRELAY,172.17.4.82,1,26,,
37228,DB,7HL,DB BKR 7 HL NON-RECL,3,8,0,5,,,,,STATUS,DB7HLSTATUS,172.17.4.83,1,72,,
37228,DB,7HL,BKR 7 HL ENABLE,3,7,,,,63,1,,RELAY,DB7HLRELAY,172.17.4.83,1,21,,
37228,DB,7HL,BKR 7 HL DISABLE,3,7,,,,63,0,,RELAY,DB7HLRELAY,172.17.4.83,1,21,,
37229,DB,8HL,DB BKR 8 HL NON-RECL,3,8,0,6,,,,,STATUS,DB8HLSTATUS,172.17.4.83,1,84,,
37229,DB,8HL,BKR 8 HL ENABLE,3,7,,,,64,1,,RELAY,DB8HLRELAY,172.17.4.83,1,26,,
37229,DB,8HL,BKR 8 HL DISABLE,3,7,,,,64,0,,RELAY,DB8HLRELAY,172.17.4.83,1,26,,
37230,DB,9HL,DB BKR 9 HL NON-RECL,3,8,0,7,,,,,STATUS,DB9HLSTATUS,172.17.4.83,1,96,,
37230,DB,9HL,BKR 9 HL ENABLE,3,7,,,,65,1,,RELAY,DB9HLRELAY,172.17.4.83,1,31,,
37230,DB,9HL,BKR 9 HL DISABLE,3,7,,,,65,0,,RELAY,DB9HLRELAY,172.17.4.83,1,31,,
38252,DB,35C116,DB TX1 3530 TO RTU COM,3,8,0,11,,,,REV 4MAT,STATUS,DB35C116STATUS,#N/A,1,#N/A,,
38254,DB,35C216,DB TX2 3530 TO RTU COM,3,8,0,12,,,,REV 4MAT,STATUS,DB35C216STATUS,#N/A,1,#N/A,,
38253,DB,35C316,DB TX3 3530 TO RTU COM,3,8,0,13,,,,REV 4MAT,STATUS,DB35C316STATUS,#N/A,1,#N/A,,
38255,DB,2407SC,DB CLOCK FAIL,3,8,0,14,,,,,STATUS,DB2407SCSTATUS,172.17.4.81,1,177,,
38622,DB,35C206,DB TX2 387E ALARM COM,3,8,0,15,,,,,STATUS,DB35C206STATUS,172.17.4.82,1,123,,
38623,DB,35C109,DB 2100-1 ALARM COM 9,3,8,1,0,,,,,STATUS,DB35C109STATUS,172.17.4.81,1,122,,
38624,DB,35C110,DB 2100-1 ALARM COM 10,3,8,1,1,,,,,STATUS,DB35C110STATUS,172.17.4.81,1,123,,
38625,DB,35C209,DB 2100-2 ALARM COM 9,3,8,1,2,,,,,STATUS,DB35C209STATUS,172.17.4.82,1,126,,
38626,DB,35C210,DB 2100-2 ALARM COM 10,3,8,1,3,,,,,STATUS,DB35C210STATUS,172.17.4.82,1,127,,
38627,DB,35C309,DB 2100-3 ALARM COM 9,3,8,1,4,,,,,STATUS,DB35C309STATUS,172.17.4.83,1,126,,
38628,DB,35C310,DB 2100-3 ALARM COM 10,3,8,1,5,,,,,STATUS,DB35C310STATUS,172.17.4.83,1,127,,
31827,DB,T1F2AC,DB TX1 STG2 FANS LOSS AC,3,8,1,6,,,,,STATUS,DBT1F2ACSTATUS,172.17.4.81,1,32,,
32736,DB,T1CPWR,DB TX1 FAN CTRL LOSS AC,3,8,1,7,,,,,STATUS,DBT1CPWRSTATUS,172.17.4.81,2,40,,
30116,ME,4BF,ME BKR 4 BKR FAIL,1,11,6,8,,,,,STATUS,ME4BFSTATUS,172.16.3.81,1,107,,
30224,ME,1BF,ME BKR 1 BKR FAIL,1,11,6,5,,,,,STATUS,ME1BFSTATUS,172.16.3.81,1,71,,
30227,ME,3BF,ME BKR 3 BKR FAIL,1,11,6,7,,,,,STATUS,ME3BFSTATUS,172.16.3.81,1,95,,
30705,ME,1,ME FEEDER BKR 1,1,11,0,0,,,,,STATUS,ME1STATUS,172.16.3.81,1,66,,
30705,ME,1,BRK #1 OPEN,1,11,,,,0,1,,RELAY,ME1RELAY,172.16.3.81,1,18,,
30705,ME,1,BRK #1 CLOSE,1,11,,,,0,0,,RELAY,ME1RELAY,172.16.3.81,1,18,,
30706,ME,2,ME FEEDER BKR 2,1,11,0,4,,,,,STATUS,ME2STATUS,172.16.3.81,1,78,,
30706,ME,2,BRK #2 TRIP,1,11,,,,4,1,,RELAY,ME2RELAY,172.16.3.81,1,23,,
30706,ME,2,BRK #2 CLOSE,1,11,,,,4,0,,RELAY,ME2RELAY,172.16.3.81,1,23,,
30707,ME,4,ME FEEDER BKR 4,1,11,0,12,,,,,STATUS,ME4STATUS,172.16.3.81,1,102,,
30707,ME,4,BRK #4 TRIP,1,11,,,,12,1,,RELAY,ME4RELAY,172.16.3.81,1,33,,
30707,ME,4,BRK #4 CLOSE,1,11,,,,12,0,,RELAY,ME4RELAY,172.16.3.81,1,33,,
30708,ME,1R,ME BKR 1 RECLOSER,1,11,0,1,,,,,STATUS,ME1RSTATUS,172.16.3.81,1,67,,
30708,ME,1R,BKR #1 RECLOSE OFF,1,11,,,,1,1,,RELAY,ME1RRELAY,172.16.3.81,1,19,,
30708,ME,1R,BKR #1 RECLOSE ON,1,11,,,,1,0,,RELAY,ME1RRELAY,172.16.3.81,1,19,,
30709,ME,2R,ME BKR 2 RECLOSER,1,11,0,5,,,,,STATUS,ME2RSTATUS,172.16.3.81,1,79,,
30709,ME,2R,BRK #2 RECLOSE OFF,1,11,,,,5,1,,RELAY,ME2RRELAY,172.16.3.81,1,24,,
30709,ME,2R,BRK #2 RECLOSE ON,1,11,,,,5,0,,RELAY,ME2RRELAY,172.16.3.81,1,24,,
30710,ME,4R,ME BKR 4 RECLOSER,1,11,0,13,,,,,STATUS,ME4RSTATUS,172.16.3.81,1,103,,
30710,ME,4R,BKR 4 RECLOSE OFF,1,11,,,,13,1,,RELAY,ME4RRELAY,172.16.3.81,1,34,,
30710,ME,4R,BKR 4 RECLOSE ON,1,11,,,,13,0,,RELAY,ME4RRELAY,172.16.3.81,1,34,,
30714,ME,1GT,ME BKR 1 GRND TRIP BLOCK,1,11,0,2,,,,,STATUS,ME1GTSTATUS,172.16.3.81,1,68,,
30714,ME,1GT,BRK #1 GND TRIP DISABLED,1,11,,,,2,1,,RELAY,ME1GTRELAY,172.16.3.81,1,20,,
30714,ME,1GT,BRK #1 GND TRIP ENABLED,1,11,,,,2,0,,RELAY,ME1GTRELAY,172.16.3.81,1,20,,
30715,ME,1LR,ME BKR 1 LOC/REM SW,1,11,0,3,,,,,STATUS,ME1LRSTATUS,172.16.3.81,1,69,,
30716,ME,2GT,ME BKR 2 GRND TRIP BLOCK,1,11,0,6,,,,,STATUS,ME2GTSTATUS,172.16.3.81,1,80,,
30716,ME,2GT,BRK #2 GND TRIP DISABLED,1,11,,,,6,1,,RELAY,ME2GTRELAY,172.16.3.81,1,25,,
30716,ME,2GT,BRK #2 GND TRIP ENABLED,1,11,,,,6,0,,RELAY,ME2GTRELAY,172.16.3.81,1,25,,
30717,ME,2LR,ME BKR 2 LOC/REM SW,1,11,0,7,,,,,STATUS,ME2LRSTATUS,172.16.3.81,1,81,,
30718,ME,3,ME FEEDER BKR 3,1,11,0,8,,,,,STATUS,ME3STATUS,172.16.3.81,1,90,,
30718,ME,3,BRK #3 TRIP,1,11,,,,8,1,,RELAY,ME3RELAY,172.16.3.81,1,28,,
30718,ME,3,BRK #3 CLOSE,1,11,,,,8,0,,RELAY,ME3RELAY,172.16.3.81,1,28,,
30741,ME,3R,ME BKR 3 RECLOSER,1,11,0,9,,,,,STATUS,ME3RSTATUS,172.16.3.81,1,91,,
30741,ME,3R,BRK #3 RECLOSE OFF,1,11,,,,9,1,,RELAY,ME3RRELAY,172.16.3.81,1,29,,
30741,ME,3R,BRK #3 RECLOSE ON,1,11,,,,9,0,,RELAY,ME3RRELAY,172.16.3.81,1,29,,
31634,ME,TX1DRD,DIFFERENTIAL RELAY DISAB,1,11,6,0,,,,,STATUS,METX1DRDSTATUS,172.16.3.81,1,194,,
31636,ME,MTXAC,MOBIL TX LOSS OF AC,1,11,7,0,,,,,STATUS,MEMTXACSTATUS,172.16.3.81,1,#N/A,,
32208,ME,3GT,ME BKR 3 GRND TRIP BLOCK,1,11,0,10,,,,,STATUS,ME3GTSTATUS,172.16.3.81,1,92,,
32208,ME,3GT,BRK #3 GROUND TRIP DISABLED,1,11,,,,10,1,,RELAY,ME3GTRELAY,172.16.3.81,1,30,,
32208,ME,3GT,BRK #3 GROUND TRIP ENABLED,1,11,,,,10,0,,RELAY,ME3GTRELAY,172.16.3.81,1,30,,
33187,ME,TX1K1,ME TX1 VOLT CONTROL K1,1,11,2,4,,,,,STATUS,METX1K1STATUS,172.16.3.81,1,52,,
33187,ME,TX1K1,TX VOLT CONTROL K1 SET,1,11,,,,21,1,,RELAY,METX1K1RELAY,172.16.3.81,1,9,,
33187,ME,TX1K1,TX VOLT CONTROL K1 RESET,1,11,,,,21,0,,RELAY,METX1K1RELAY,172.16.3.81,1,9,,
33188,ME,TX1K2,ME TX1 VOLT CONTROL K2,1,11,2,5,,,,,STATUS,METX1K2STATUS,172.16.3.81,1,53,,
33188,ME,TX1K2,TX1 VOLT CONTROL K2 SET,1,11,,,,22,1,,RELAY,METX1K2RELAY,172.16.3.81,1,10,,
33188,ME,TX1K2,TX1 VOLT CONTROL K2 RESET,1,11,,,,22,0,,RELAY,METX1K2RELAY,172.16.3.81,1,10,,
33230,ME,35C106,ME TX1 387E ALARM COMM,1,11,1,0,,,,,STATUS,ME35C106STATUS,172.16.3.81,1,119,,
34002,ME,MTXSC,MOBIL TX SELF CK,1,11,7,2,,,,,STATUS,MEMTXSCSTATUS,172.16.3.81,1,#N/A,,
34268,ME,MTXTOT,MOBIL TX HOT OIL TEMP,1,11,7,1,,,,,STATUS,MEMTXTOTSTATUS,172.16.3.81,1,#N/A,,
34992,ME,3LR,ME BKR 3 LOC/REM SW,1,11,0,11,,,,,STATUS,ME3LRSTATUS,172.16.3.81,1,93,,
34993,ME,4GT,ME BKR 4 GRND TRIP BLOCK,1,11,0,14,,,,,STATUS,ME4GTSTATUS,172.16.3.81,1,104,,
34993,ME,4GT,BKR 4 GND TRIP DISABLED,1,11,,,,14,1,,RELAY,ME4GTRELAY,172.16.3.81,1,35,,
34993,ME,4GT,BKR 4 GND TRIP ENABLED,1,11,,,,14,0,,RELAY,ME4GTRELAY,172.16.3.81,1,35,,
34994,ME,4LR,ME BKR 4 LOC/REM SW,1,11,0,15,,,,,STATUS,ME4LRSTATUS,172.16.3.81,1,105,,
34995,ME,351SC1,ME BKR 1 RELAY FAIL,1,11,1,1,,,,,STATUS,ME351SC1STATUS,172.16.3.81,1,188,,
34996,ME,351SC2,ME BKR 2 RELAY FAIL,1,11,1,2,,,,,STATUS,ME351SC2STATUS,172.16.3.81,1,189,,
34997,ME,351SC3,ME BKR 3 RELAY FAIL,1,11,1,3,,,,,STATUS,ME351SC3STATUS,172.16.3.81,1,190,,
34998,ME,351SC4,ME BKR 4 RELAY FAIL,1,11,1,4,,,,,STATUS,ME351SC4STATUS,172.16.3.81,1,191,,
34999,ME,35C118,ME BKR 1 STATUS COMM,1,11,1,5,,,,,STATUS,ME35C118STATUS,172.16.3.81,1,131,,
35000,ME,35C119,ME BKR 2 STATUS COMM,1,11,1,6,,,,,STATUS,ME35C119STATUS,172.16.3.81,1,132,,
35001,ME,35C120,ME BKR 3 STATUS COMM,1,11,1,7,,,,,STATUS,ME35C120STATUS,172.16.3.81,1,133,,
35002,ME,35C121,ME BKR 4 STATUS COMM,1,11,1,8,,,,,STATUS,ME35C121STATUS,172.16.3.81,1,134,,
35003,ME,35C123,TX1 2505 STAT/CNTRL COMM,1,11,1,9,,,,,STATUS,ME35C123STATUS,172.16.3.81,1,136,,
35004,ME,35C126,HOUSE 2505 SELF CHECK,1,11,1,10,,,,,STATUS,ME35C126STATUS,172.16.3.81,1,139,,
35005,ME,35C128,ME TX1 FUTURE COMM,1,11,1,11,,,,,STATUS,ME35C128STATUS,172.16.3.81,1,141,,
35007,ME,24T1SC,ME TX1 2411 ALARMS FAIL,1,11,2,0,,,,,STATUS,ME24T1SCSTATUS,172.16.3.81,1,184,,
35007,ME,TX1TOT,ME TX1 HOT OIL TEMP,1,11,2,1,,,,,STATUS,METX1TOTSTATUS,172.16.3.81,1,49,,
35008,ME,TX1HS,ME TX1 HOT SPOT,1,11,2,2,,,,,STATUS,METX1HSSTATUS,172.16.3.81,1,50,,
35009,ME,TX1LR,ME TX1 LOC/REM SW,1,11,2,3,,,,,STATUS,METX1LRSTATUS,172.16.3.81,1,51,,
35010,ME,TCA1,ME TX1 LTC AUTO/MAN,1,11,2,6,,,,,STATUS,METCA1STATUS,172.16.3.81,1,54,,
35010,ME,TCA1,TX LTC MANUAL,1,11,,,,20,1,,RELAY,METCA1RELAY,172.16.3.81,1,8,,
35010,ME,TCA1,TX LTC AUTO,1,11,,,,20,0,,RELAY,METCA1RELAY,172.16.3.81,1,8,,
35011,ME,FANHYD,HOUSE EXHAUST FAN HYRDRO,1,11,2,7,,,,,STATUS,MEFANHYDSTATUS,172.16.3.81,1,208,,
35012,ME,SMOKE,ME HOUSE SMOKE,1,11,2,8,,,,,STATUS,MESMOKESTATUS,172.16.3.81,1,209,,
35014,ME,BATPWR,ME BATT POWER FAIL,1,11,2,10,,,,,STATUS,MEBATPWRSTATUS,172.16.3.81,1,210,,
35015,ME,BATTDC,ME BATT DC VOLT,1,11,2,11,,,,,STATUS,MEBATTDCSTATUS,172.16.3.81,1,211,,
35016,ME,BATGND,ME BATT GROUND,1,11,2,12,,,,,STATUS,MEBATGNDSTATUS,172.16.3.81,1,212,,
35017,ME,LRS,SUB LOC/REM SW,1,11,3,0,,,,,STATUS,MELRSSTATUS,172.16.3.81,1,193,,
35018,ME,86T1,ME  TX1 86T LCKOUT,1,11,3,1,,,,,STATUS,ME86T1STATUS,172.16.3.81,1,195,,
35019,ME,387SC1,ME TX1 DIF PROT FAIL,1,11,3,2,,,,,STATUS,ME387SC1STATUS,172.16.3.81,1,171,,
35020,ME,501SC1,ME TX1 OVERCURRENT FAIL,1,11,3,3,,,,,STATUS,ME501SC1STATUS,172.16.3.81,1,172,,
35021,ME,21T1SC,ME TX1 2100 FAIL,1,11,3,4,,,,,STATUS,ME21T1SCSTATUS,172.16.3.81,1,175,,
35022,ME,MET1SC,ME TX1 METER FAIL,1,11,3,5,,,,,STATUS,MEMET1SCSTATUS,172.16.3.81,1,176,,
35023,ME,86TCM1,ME TX1 86T LCKOUT TCM,1,11,3,6,,,,,STATUS,ME86TCM1STATUS,172.16.3.81,1,196,,
35024,ME,94TCM1,ME TX1 94T TCM,1,11,3,7,,,,,STATUS,ME94TCM1STATUS,172.16.3.81,1,201,,
35025,ME,K697,ME K697 CIRC SW,1,11,3,8,,,,,STATUS,MEK697STATUS,172.16.3.81,1,0,,
35025,ME,K697,CIRCUIT SWITCHER TRIP,1,11,,,,16,1,,RELAY,MEK697RELAY,172.16.3.81,1,0,,
35025,ME,K697,CIRCUIT SWITCHER CLOSE,1,11,,,,16,0,,RELAY,MEK697RELAY,172.16.3.81,1,0,,
35026,ME,25SC10,ME CH STA/CTRL FAIL,1,11,3,10,,,,,STATUS,ME25SC10STATUS,172.16.3.81,1,181,,
35027,ME,35C109,TX1 3530 TO 2100 COMM,1,11,7,3,,,,,STATUS,ME35C109STATUS,172.16.3.81,1,122,,
35028,ME,35C101,ME BKR 1 CONTROL COMM,1,11,3,12,,,,,STATUS,ME35C101STATUS,172.16.3.81,1,114,,
35029,ME,35C102,ME BKR 2 CONTROL COMM,1,11,3,13,,,,,STATUS,ME35C102STATUS,172.16.3.81,1,115,,
35030,ME,35C103,ME BKR 3 CONTROL COMM,1,11,3,14,,,,,STATUS,ME35C103STATUS,172.16.3.81,1,116,,
35031,ME,35C104,ME BKR 4 CONTROL COMM,1,11,3,15,,,,,STATUS,ME35C104STATUS,172.16.3.81,1,117,,
35033,ME,T1F1AC,ME TX STG1 FANS LOSS AC,1,11,4,0,,,,,STATUS,MET1F1ACSTATUS,172.16.3.81,1,31,,
35034,ME,T1F2AC,ME TX STG2 FANS LOSS AC,1,11,4,1,,,,,STATUS,MET1F2ACSTATUS,172.16.3.81,1,32,,
35035,ME,TX1NHI,ME TX1 NITRO HIGH PR,1,11,4,2,,,,,STATUS,METX1NHISTATUS,172.16.3.81,1,33,,
35036,ME,TX1NLO,ME TX NITRO LOW PR,1,11,4,3,,,,,STATUS,METX1NLOSTATUS,172.16.3.81,1,34,,
35037,ME,T1NCLO,ME TX1 NITRO CYL LOW PR,1,11,4,4,,,,,STATUS,MET1NCLOSTATUS,172.16.3.81,1,35,,
35038,ME,T1PR,ME TX1 TANK PRS RELIEF,1,11,4,5,,,,,STATUS,MET1PRSTATUS,172.16.3.81,1,36,,
35099,ME,1UF,ME BKR 1 UNDER FREQ TRIP,1,11,1,13,,,,,STATUS,ME1UFSTATUS,172.16.3.81,1,70,,
35100,ME,3UF,ME BKR 3 UNDER FREQ TRIP,1,11,1,14,,,,,STATUS,ME3UFSTATUS,172.16.3.81,1,94,,
35101,ME,1POT,ME BKR 1 LOSS POT FOR UF,1,11,1,15,,,,,STATUS,ME1POTSTATUS,172.16.3.81,1,73,,
35102,ME,2POT,ME BKR 2 LOSS POT FOR UF,1,11,2,13,,,,,STATUS,ME2POTSTATUS,172.16.3.81,1,85,,
35103,ME,3POT,ME BKR 3 LOSS POT FOR UF,1,11,2,14,,,,,STATUS,ME3POTSTATUS,172.16.3.81,1,97,,
35104,ME,4POT,ME BKR 4 LOSS POT FOR UF,1,11,2,15,,,,,STATUS,ME4POTSTATUS,172.16.3.81,1,109,,
35220,ME,S3L12,ME LBI S3L12,1,11,3,9,,,,,STATUS,MES3L12STATUS,172.16.3.81,1,64,,
35220,ME,S3L12,S3L12 LBI OPEN,1,11,,,,17,1,,RELAY,MES3L12RELAY,172.16.3.81,1,17,,
35220,ME,S3L12,S3L12 LBI CLOSE,1,11,,,,17,0,,RELAY,MES3L12RELAY,172.16.3.81,1,17,,
35235,ME,T1SP,ME TX1 TANK SUDDEN PRS,1,11,4,6,,,,,STATUS,MET1SPSTATUS,172.16.3.81,1,37,,
35236,ME,TX1LO,ME TX1 TANK LO OIL,1,11,4,7,,,,,STATUS,METX1LOSTATUS,172.16.3.81,1,38,,
35237,ME,TX1HI,ME TX1 TANK HI OIL,1,11,4,8,,,,,STATUS,METX1HISTATUS,172.16.3.81,1,39,,
35238,ME,LTC1LO,ME TX1 LTC TANK LO OIL,1,11,4,9,,,,,STATUS,MELTC1LOSTATUS,172.16.3.81,1,41,,
35239,ME,TC1PWR,ME TX1 LTC LOSS OF POWER,1,11,4,10,,,,,STATUS,METC1PWRSTATUS,172.16.3.81,1,42,,
35240,ME,TCP1,ME TX1 LTC OFF TAP,1,11,4,11,,,,,STATUS,METCP1STATUS,172.16.3.81,1,43,,
35241,ME,LTCMT1,ME TX1 LTC MOTOR HI TEMP,1,11,4,12,,,,,STATUS,MELTCMT1STATUS,172.16.3.81,1,44,,
35242,ME,TCPR1,ME TX1 LTC PRS RELIEF,1,11,4,13,,,,,STATUS,METCPR1STATUS,172.16.3.81,1,45,,
35243,ME,86X1,ME TX1 LTC LCKOUT,1,11,4,14,,,,,STATUS,ME86X1STATUS,172.16.3.81,1,46,,
35244,ME,T1FAN1,ME TX1 STAGE1 FANS ON,1,11,4,15,,,,,STATUS,MET1FAN1STATUS,172.16.3.81,1,47,,
35244,ME,T1FAN1,TX STAGE 1 FANS OFF,1,11,,,,18,1,,RELAY,MET1FAN1RELAY,172.16.3.81,1,6,,
35244,ME,T1FAN1,TX STAGE 1 FANS ON,1,11,,,,18,0,,RELAY,MET1FAN1RELAY,172.16.3.81,1,6,,
35245,ME,T1FAN2,ME TX1 STAGE2 FANS ON,1,11,5,0,,,,,STATUS,MET1FAN2STATUS,172.16.3.81,1,48,,
35245,ME,T1FAN2,TX STAGE 2 FANS OFF,1,11,,,,19,1,,RELAY,MET1FAN2RELAY,172.16.3.81,1,7,,
35245,ME,T1FAN2,TX STAGE 2 FANS ON,1,11,,,,19,0,,RELAY,MET1FAN2RELAY,172.16.3.81,1,7,,
35246,ME,35C111,ME TX1 ALARMS COMM,1,11,5,1,,,,,STATUS,ME35C111STATUS,172.16.3.81,1,124,,
35302,ME,2UF,ME BKR 2 UNDER FREQ TRIP,1,11,2 ,9,,,,,STATUS,ME2UFSTATUS,172.16.3.81,1,82,,
35918,ME,2BF,ME BKR 2 BKR FAIL,1,11,6,6,,,,,STATUS,ME2BFSTATUS,172.16.3.81,1,83,,
36609,ME,MET1CP,ME TX1 METERING COMM,1,11,5,2,,,,,STATUS,MEMET1CPSTATUS,172.16.3.81,1,121,,
36896,ME,79LO1,ME BKR 1 LCKOUT,1,11,5,3,,,,,STATUS,ME79LO1STATUS,172.16.3.81,1,74,,
36897,ME,79LO2,ME BKR 2 LCKOUT,1,11,5,4,,,,,STATUS,ME79LO2STATUS,172.16.3.81,1,86,,
36898,ME,79LO3,ME BKR 1 LCKOUT,1,11,5,5,,,,,STATUS,ME79LO3STATUS,172.16.3.81,1,98,,
36899,ME,79LO4,ME BKR 4 LCKOUT,1,11,5,6,,,,,STATUS,ME79LO4STATUS,172.16.3.81,1,110,,
37285,ME,1HL,ME BKR 1 HL NON-RECL,1,11,6,1,,,,,STATUS,ME1HLSTATUS,172.16.3.81,1,72,,
37285,ME,1HL,BKR 1 HOT LINE REC DISABLED,1,11,,,,3,1,,RELAY,ME1HLRELAY,172.16.3.81,1,21,,
37285,ME,1HL,BKR 1 HOT LINE REC ENABLED,1,11,,,,3,0,,RELAY,ME1HLRELAY,172.16.3.81,1,21,,
37286,ME,2HL,ME BKR 2 HL NON-RECL,1,11,6,2,,,,,STATUS,ME2HLSTATUS,172.16.3.81,1,84,,
37286,ME,2HL,BKR 2 HOT LINE REC DISABLED,1,11,,,,7,1,,RELAY,ME2HLRELAY,172.16.3.81,1,26,,
37286,ME,2HL,BKR 2 HOT LINE REC ENABLED,1,11,,,,7,0,,RELAY,ME2HLRELAY,172.16.3.81,1,26,,
37287,ME,3HL,ME BKR 3 HL NON-RECL,1,11,6,3,,,,,STATUS,ME3HLSTATUS,172.16.3.81,1,96,,
37287,ME,3HL,BKR 3 HOT LINE REC DISABLED,1,11,,,,11,1,,RELAY,ME3HLRELAY,172.16.3.81,1,31,,
37287,ME,3HL,BKR 3 HOT LINE REC ENABLED,1,11,,,,11,0,,RELAY,ME3HLRELAY,172.16.3.81,1,31,,
37288,ME,4HL,ME BKR 4 HL NON-RECL,1,11,6,4,,,,,STATUS,ME4HLSTATUS,172.16.3.81,1,108,,
37288,ME,4HL,BKR 4 HOT LINE REC DISABLED,1,11,,,,15,1,,RELAY,ME4HLRELAY,172.16.3.81,1,36,,
37288,ME,4HL,BKR 4 HOT LINE REC ENABLED,1,11,,,,15,0,,RELAY,ME4HLRELAY,172.16.3.81,1,36,,
38177,ME,35C110,ME 2100-1 ALARM COMM,1,11,7,4,,,,,STATUS,ME35C110STATUS,172.16.3.81,1,123,,
38178,ME,35C116,3530-1 DNP COMM PORT ALARM,1,11,6,10,,,,,STATUS,ME35C116STATUS,172.16.3.81,1,#N/A,,
38179,ME,2407SC,CLOCK SELF CHECK,1,11,6,11,,,,,STATUS,ME2407SCSTATUS,172.16.3.81,1,177,,
38350,ME,T1HIAL,ME TX1 CRIT HI TEMP AL,1,11,3,11,,,,,STATUS,MET1HIALSTATUS,172.16.3.81,1,56,,
05592,ME,1B,ME BKR 1B AMPS BKR TRIP,1,11,,,17,,,.29311187,ANALOG,ME1BANALOG,172.16.3.81,1,47,,
05593,ME,3PF,ME FDR 3 POWER FACTOR,1,11,,,38,,,0.1,ANALOG,ME3PFANALOG,172.16.3.81,1,63,,
05598,ME,TX1W,MELROSE WATTS,1,11,,,6,,,48,ANALOG,METX1WANALOG,172.16.3.81,1,31,,
05659,ME,P1,MELROSE ACCUMULATOR FPL,1,11, ,,,,,7.2,PULSE,MEP1PULSE,172.16.3.81,1,#N/A,,
05660,ME,RAV1,ME REG A PH VOLTS,1,11, ,,0,,,0.1,ANALOG,MERAV1ANALOG,172.16.3.81,1,24,,
05661,ME,RBV1,ME REG B PH VOLTS,1,11,1,,1,,,0.1,ANALOG,MERBV1ANALOG,172.16.3.81,1,25,,
05832,ME,2A,ME BKR 2A AMPS BKR TRIP,1,11,,,19,,,.29311187,ANALOG,ME2AANALOG,172.16.3.81,1,52,,
05839,ME,2B,ME BKR 2B AMPS BKR TRIP,1,11,,,20,,,.29311187,ANALOG,ME2BANALOG,172.16.3.81,1,53,,
05863,ME,2C,ME BKR 2C AMPS BKR TRIP,1,11,,,21,,,.29311187,ANALOG,ME2CANALOG,172.16.3.81,1,54,,
06115,ME,RCV1,RCV1,1,11,2,,2,,,0.1,ANALOG,MERCV1ANALOG,172.16.3.81,1,26,,
06215,ME,TX1A,ME TX A AMPS C/S TRIP,1,11,3,,3,,,1.2,ANALOG,METX1AANALOG,172.16.3.81,1,27,,
06425,ME,1A,ME BKR 1A AMPS BKR TRIP,1,11,,,16,,,.29311187,ANALOG,ME1AANALOG,172.16.3.81,1,46,,
06426,ME,1C,ME BKR 1C AMPS BKR TRIP,1,11,,,18,,,.29311187,ANALOG,ME1CANALOG,172.16.3.81,1,48,,
06427,ME,3A,ME BKR 3A AMPS BKR TRIP,1,11,,,22,,,.29311187,ANALOG,ME3AANALOG,172.16.3.81,1,58,,
06428,ME,4PF,ME FDR 4 POWER FACTOR,1,11,,,39,,,0.1,ANALOG,ME4PFANALOG,172.16.3.81,1,69,,
06600,ME,TX1FRQ,ME FREQUENCY,1,11,,,8,,,0.1,ANALOG,METX1FRQANALOG,172.16.3.81,1,35,,
06612,ME,PF1M,ME POWER FACTOR METER,1,11,,,7,,,0.1,ANALOG,MEPF1MANALOG,172.16.3.81,1,34,,
06705,ME,1KW,ME FDR 1 WATTS,1,11,,,32,,,10,ANALOG,ME1KWANALOG,172.16.3.81,1,49,,
06709,ME,2KW,ME FDR 2 WATTS,1,11,,,33,,,10,ANALOG,ME2KWANALOG,172.16.3.81,1,55,,
06728,ME,3KW,ME FDR 3 WATTS,1,11,,,34,,,10,ANALOG,ME3KWANALOG,172.16.3.81,1,61,,
06729,ME,4KW,ME FDR 4 WATTS,1,11,,,35,,,10,ANALOG,ME4KWANALOG,172.16.3.81,1,67,,
06943,ME,KVA1M,ME KVA METER,1,11,,,9,,,48,ANALOG,MEKVA1MANALOG,172.16.3.81,1,30,,
07187,ME,TX1B,ME TX B AMPS C/S TRIP,1,11,4,,4,,,1.2,ANALOG,METX1BANALOG,172.16.3.81,1,28,,
07188,ME,TX1C,ME TX C AMPS C/S TRIP,1,11,5,,5,,,1.2,ANALOG,METX1CANALOG,172.16.3.81,1,29,,
07196,ME,3B,ME BKR 3B AMPS BKR TRIP,1,11,,,23,,,.29311187,ANALOG,ME3BANALOG,172.16.3.81,1,59,,
07197,ME,3C,ME BKR 3C AMPS BKR TRIP,1,11,,,24,,,.29311187,ANALOG,ME3CANALOG,172.16.3.81,1,60,,
07198,ME,4A,ME BKR 4A AMPS BKR TRIP,1,11,,,25,,,.29311187,ANALOG,ME4AANALOG,172.16.3.81,1,64,,
07199,ME,4B,ME BKR 4B AMPS BKR TRIP,1,11,,,26,,,.29311187,ANALOG,ME4BANALOG,172.16.3.81,1,65,,
07200,ME,4C,ME BKR 4C AMPS BKR TRIP,1,11,,,27,,,.29311187,ANALOG,ME4CANALOG,172.16.3.81,1,66,,
07201,ME,LTC1,ME LD TAP CHGR POS,1,11,,,28,,,.0078,ANALOG,MELTC1ANALOG,172.16.3.81,1,21,,
07219,ME,KWPHR1,ME PREVIOUS HOUR DEMAND,1,11,,,12,,,144,ANALOG,MEKWPHR1ANALOG,172.16.3.81,1,36,,
07699,ME,P2,MELROSE ACCUMULATOR CEC,1,11,1,,,,,,PULSE,MEP2PULSE,172.16.3.81,1,#N/A,,
07733,ME,MV1-,ME VARS LEAD,1,11,,,11,,,48,ANALOG,MEMV1-ANALOG,172.16.3.81,1,33,,
07757,ME,MV1,ME VARS LAG,1,11,,,10,,,48,ANALOG,MEMV1ANALOG,172.16.3.81,1,32,,
07759,ME,DCV,ME DC VOLTS,1,11,,,29,,,.07327797,ANALOG,MEDCVANALOG,172.16.3.81,1,70,,
07760,ME,1PF,ME FDR 1 POWER FACTOR,1,11,,,36,,,0.1,ANALOG,ME1PFANALOG,172.16.3.81,1,51,,
07773,ME,2PF,ME FDR 2 POWER FACTOR,1,11,,,37,,,0.1,ANALOG,ME2PFANALOG,172.16.3.81,1,57,,
08081,ME,THST1,ME TX WINDING 1 TEMP,1,11,,,40,,,1,ANALOG,METHST1ANALOG,172.16.3.81,1,38,,
08082,ME,THST2,ME TX WINDING 2 TEMP,1,11,,,41,,,1,ANALOG,METHST2ANALOG,172.16.3.81,1,39,,
08083,ME,THST3,ME TX WINDING 3 TEMP,1,11,,,42,,,1,ANALOG,METHST3ANALOG,172.16.3.81,1,40,,
08084,ME,TXTEMP,ME TX TANK OIL TEMP,1,11,,,43,,,1,ANALOG,METXTEMPANALOG,172.16.3.81,1,41,,
08371,ME,TCTEMP,ME LTC TANK OIL TEMP,1,11,,,44,,,1,ANALOG,METCTEMPANALOG,172.16.3.81,1,42,,
08405,ME,TXABT,ME TX AMBIENT TEMP,1,11,,,45,,,1,ANALOG,METXABTANALOG,172.16.3.81,1,43,,
35032,ME,TC,TX LTC RAISE,1,11,,,,23,1,,RELAY,METCRELAY,172.16.3.81,1,11,,
35032,ME,TC,TX LTC LOWER,1,11,,,,23,0,,RELAY,METCRELAY,172.16.3.81,1,11,,
30662,OP,1,OP BKR 1,4,23,0,0,,,,,STATUS,OP1STATUS,172.18.3.81,1,66,,
30662,OP,1,OP BKR 1 TRIP,4,23,,,,0,1,,RELAY,OP1RELAY,172.18.3.81,1,18,,
30662,OP,1,OP BKR 1 CLOSE,4,23,,,,0,0,,RELAY,OP1RELAY,172.18.3.81,1,18,,
30663,OP,1R,OP BKR 1 RECL,4,23,0,1,,,,,STATUS,OP1RSTATUS,172.18.3.81,1,67,,
30663,OP,1R,OP BKR 1 RECL OFF,4,23,,,,1,1,,RELAY,OP1RRELAY,172.18.3.81,1,19,,
30663,OP,1R,OP BKR 1 RECL ON,4,23,,,,1,0,,RELAY,OP1RRELAY,172.18.3.81,1,19,,
30664,OP,1GT,OP BKR 1 GRND TRIP,4,23,0,2,,,,,STATUS,OP1GTSTATUS,172.18.3.81,1,68,,
30664,OP,1GT,OP BKR 1 GRND TRIP BLOCKED,4,23,,,,2,1,,RELAY,OP1GTRELAY,172.18.3.81,1,20,,
30664,OP,1GT,OP BKR 1 GRND TRIP NORMAL,4,23,,,,2,0,,RELAY,OP1GTRELAY,172.18.3.81,1,20,,
30665,OP,1LR,OP BKR 1 LOCAL REMOTE SW,4,23,0,3,,,,,STATUS,OP1LRSTATUS,172.18.3.81,1,69,,
30666,OP,2,OP BKR 2,4,23,0,4,,,,,STATUS,OP2STATUS,172.18.3.81,1,78,,
30666,OP,2,OP BKR 2 TRIP,4,23,,,,4,1,,RELAY,OP2RELAY,172.18.3.81,1,23,,
30666,OP,2,OP BKR 2 CLOSE,4,23,,,,4,0,,RELAY,OP2RELAY,172.18.3.81,1,23,,
30667,OP,2R,OP BKR 2 RECL,4,23,0,5,,,,,STATUS,OP2RSTATUS,172.18.3.81,1,79,,
30667,OP,2R,OP BKR 2 RECL OFF,4,23,,,,5,1,,RELAY,OP2RRELAY,172.18.3.81,1,24,,
30667,OP,2R,OP BKR 2 RECL ON,4,23,,,,5,0,,RELAY,OP2RRELAY,172.18.3.81,1,24,,
30668,OP,2GT,OP BKR 2 GRND TRIP,4,23,0,6,,,,,STATUS,OP2GTSTATUS,172.18.3.81,1,80,,
30668,OP,2GT,OP BKR 2 GRND TRIP BLOCKED,4,23,,,,6,1,,RELAY,OP2GTRELAY,172.18.3.81,1,25,,
30668,OP,2GT,OP BKR 2 GRND TRIP NORMAL,4,23,,,,6,0,,RELAY,OP2GTRELAY,172.18.3.81,1,25,,
30669,OP,2LR,OP BKR 2 LOCAL REMOTE SW,4,23,0,7,,,,,STATUS,OP2LRSTATUS,172.18.3.81,1,81,,
30670,OP,3,OP BKR 3,4,23,0,8,,,,,STATUS,OP3STATUS,172.18.3.81,1,90,,
30670,OP,3,OP BKR 3 TRIP,4,23,,,,8,1,,RELAY,OP3RELAY,172.18.3.81,1,28,,
30670,OP,3,OP BKR 3 CLOSE,4,23,,,,8,0,,RELAY,OP3RELAY,172.18.3.81,1,28,,
30671,OP,3R,OP BKR 3 RECL,4,23,0,9,,,,,STATUS,OP3RSTATUS,172.18.3.81,1,91,,
30671,OP,3R,OP BKR 3 RECL OFF,4,23,,,,9,1,,RELAY,OP3RRELAY,172.18.3.81,1,29,,
30671,OP,3R,OP BKR 3 RECL ON,4,23,,,,9,0,,RELAY,OP3RRELAY,172.18.3.81,1,29,,
30672,OP,3GT,OP BKR 3 GRND TRIP,4,23,0,10,,,,,STATUS,OP3GTSTATUS,172.18.3.81,1,92,,
30672,OP,3GT,OP BKR 3 GRND TRIP BLOCKED,4,23,,,,10,1,,RELAY,OP3GTRELAY,172.18.3.81,1,30,,
30672,OP,3GT,OP BKR 3 GRND TRIP NORMAL,4,23,,,,10,0,,RELAY,OP3GTRELAY,172.18.3.81,1,30,,
31873,OP,3LR,OP BKR 3 LOCAL REMOTE SW,4,23,0,11,,,,,STATUS,OP3LRSTATUS,172.18.3.81,1,93,,
32206,OP,4,OP BKR 4,4,23,0,12,,,,,STATUS,OP4STATUS,172.18.3.81,1,102,,
32206,OP,4,OP BKR 4 TRIP,4,23,,,,12,1,,RELAY,OP4RELAY,172.18.3.81,1,33,,
32206,OP,4,OP BKR 4 CLOSE,4,23,,,,12,0,,RELAY,OP4RELAY,172.18.3.81,1,33,,
32855,OP,4R,OP BKR 4 RECL,4,23,0,13,,,,,STATUS,OP4RSTATUS,172.18.3.81,1,103,,
32855,OP,4R,OP BKR 4 RECL OFF,4,23,,,,13,1,,RELAY,OP4RRELAY,172.18.3.81,1,34,,
32855,OP,4R,OP BKR 4 RECL ON,4,23,,,,13,0,,RELAY,OP4RRELAY,172.18.3.81,1,34,,
33072,OP,4GT,OP BKR 4 GRND TRIP,4,23,0,14,,,,,STATUS,OP4GTSTATUS,172.18.3.81,1,104,,
33072,OP,4GT,OP BKR 4 GRND TRIP BLOCKED,4,23,,,,14,1,,RELAY,OP4GTRELAY,172.18.3.81,1,35,,
33072,OP,4GT,OP BKR 4 GRND TRIP NORMAL,4,23,,,,14,0,,RELAY,OP4GTRELAY,172.18.3.81,1,35,,
33118,OP,4LR,OP BKR 4 LOCAL REMOTE SW,4,23,0,15,,,,,STATUS,OP4LRSTATUS,172.18.3.81,1,105,,
07421,OP,T2HST1,TX2 WINDING 1 TEMP,4,23,,,0,,,1,ANALOG,OPT2HST1ANALOG,172.18.3.82,1,38,,
07651,OP,P2,OP TX2 ACCUMULATOR,4,23,,,,,,7.2,PULSE,OPP2PULSE,#N/A,1,#N/A,,
33166,OP,5,OP BKR 5,4,23,1,0,,,,,STATUS,OP5STATUS,172.18.3.82,1,66,,
33166,OP,5,OP BKR 5 TRIP,4,23,,,,24,1,,RELAY,OP5RELAY,172.18.3.82,1,18,,
33166,OP,5,OP BKR 5 CLOSE,4,23,,,,24,0,,RELAY,OP5RELAY,172.18.3.82,1,18,,
33193,OP,5R,OP BKR 5 RECL,4,23,1,1,,,,,STATUS,OP5RSTATUS,172.18.3.82,1,67,,
33193,OP,5R,OP BKR 5 RECL OFF,4,23,,,,25,1,,RELAY,OP5RRELAY,172.18.3.82,1,19,,
33193,OP,5R,OP BKR 5 RECL ON,4,23,,,,25,0,,RELAY,OP5RRELAY,172.18.3.82,1,19,,
33227,OP,5GT,OP BKR 5 GRND TRIP,4,23,1,2,,,,,STATUS,OP5GTSTATUS,172.18.3.82,1,68,,
33227,OP,5GT,OP BKR 5 GRND TRIP BLOCKED,4,23,,,,26,1,,RELAY,OP5GTRELAY,172.18.3.82,1,20,,
33227,OP,5GT,OP BKR 5 GRND TRIP NORMAL,4,23,,,,26,0,,RELAY,OP5GTRELAY,172.18.3.82,1,20,,
33248,OP,5LR,OP BKR 5 LOCAL REMOTE SW,4,23,1,3,,,,,STATUS,OP5LRSTATUS,172.18.3.82,1,69,,
33249,OP,6,OP BKR 6,4,23,1,4,,,,,STATUS,OP6STATUS,172.18.3.82,1,78,,
33249,OP,6,OP BKR 6 TRIP,4,23,,,,28,1,,RELAY,OP6RELAY,172.18.3.82,1,23,,
33249,OP,6,OP BKR 6 CLOSE,4,23,,,,28,0,,RELAY,OP6RELAY,172.18.3.82,1,23,,
33335,OP,6R,OP BKR 6 RECL,4,23,1,5,,,,,STATUS,OP6RSTATUS,172.18.3.82,1,79,,
33335,OP,6R,OP BKR 6 RECL OFF,4,23,,,,29,1,,RELAY,OP6RRELAY,172.18.3.82,1,24,,
33335,OP,6R,OP BKR 6 RECL ON,4,23,,,,29,0,,RELAY,OP6RRELAY,172.18.3.82,1,24,,
33392,OP,6GT,OP BKR 6 GRND TRIP,4,23,1,6,,,,,STATUS,OP6GTSTATUS,172.18.3.82,1,80,,
33392,OP,6GT,OP BKR 6 GRND TRIP BLOCKED,4,23,,,,30,1,,RELAY,OP6GTRELAY,172.18.3.82,1,25,,
33392,OP,6GT,OP BKR 6 GRND TRIP NORMAL,4,23,,,,30,0,,RELAY,OP6GTRELAY,172.18.3.82,1,25,,
33398,OP,6LR,OP BKR 6 LOCAL REMOTE SW,4,23,1,7,,,,,STATUS,OP6LRSTATUS,172.18.3.82,1,81,,
33405,OP,7,OP BKR 7 ,4,23,1,8,,,,,STATUS,OP7STATUS,172.18.3.82,1,90,,
33405,OP,7,OP BKR 7 TRIP,4,23,,,,32,1,,RELAY,OP7RELAY,172.18.3.82,1,28,,
33405,OP,7,OP BKR 7 CLOSE,4,23,,,,32,0,,RELAY,OP7RELAY,172.18.3.82,1,28,,
33406,OP,7R,OP BKR 7 RECL,4,23,1,9,,,,,STATUS,OP7RSTATUS,172.18.3.82,1,91,,
33406,OP,7R,OP BKR 7 RECL OFF,4,23,,,,33,1,,RELAY,OP7RRELAY,172.18.3.82,1,29,,
33406,OP,7R,OP BKR 7 RECL ON,4,23,,,,33,0,,RELAY,OP7RRELAY,172.18.3.82,1,29,,
33407,OP,7GT,OP BKR 7 GRND TRIP,4,23,1,10,,,,,STATUS,OP7GTSTATUS,172.18.3.82,1,92,,
33407,OP,7GT,OP BKR 7 GRND TRIP BLOCKED,4,23,,,,34,1,,RELAY,OP7GTRELAY,172.18.3.82,1,30,,
33407,OP,7GT,OP BKR 7 GRND TRIP NORMAL,4,23,,,,34,0,,RELAY,OP7GTRELAY,172.18.3.82,1,30,,
33408,OP,7LR,OP BKR 7 LOCAL REMOTE SW,4,23,1,11,,,,,STATUS,OP7LRSTATUS,172.18.3.82,1,93,,
33409,OP,8,OP BKR 8,4,23,1,12,,,,,STATUS,OP8STATUS,172.18.3.82,1,102,,
33409,OP,8,OP BKR 8 TRIP,4,23,,,,36,1,,RELAY,OP8RELAY,172.18.3.82,1,33,,
33409,OP,8,OP BKR 8 CLOSE,4,23,,,,36,0,,RELAY,OP8RELAY,172.18.3.82,1,33,,
33419,OP,8R,OP BKR 8 RECL,4,23,1,13,,,,,STATUS,OP8RSTATUS,172.18.3.82,1,103,,
33419,OP,8R,OP BKR 8 RECL OFF,4,23,,,,37,1,,RELAY,OP8RRELAY,172.18.3.82,1,34,,
33419,OP,8R,OP BKR 8 RECL ON,4,23,,,,37,0,,RELAY,OP8RRELAY,172.18.3.82,1,34,,
33424,OP,8GT,OP BKR 8 GRND TRIP,4,23,1,14,,,,,STATUS,OP8GTSTATUS,172.18.3.82,1,104,,
33424,OP,8GT,OP BKR 8 GRND TRIP BLOCKED,4,23,,,,38,1,,RELAY,OP8GTRELAY,172.18.3.82,1,35,,
33424,OP,8GT,OP BKR 8 GRND TRIP NORMAL,4,23,,,,38,0,,RELAY,OP8GTRELAY,172.18.3.82,1,35,,
33437,OP,8LR,OP BKR 8 LOCAL REMOTE SW,4,23,1,15,,,,,STATUS,OP8LRSTATUS,172.18.3.82,1,105,,
07422,OP,T2HST2,TX2 WINDING 2 TEMP,4,23,,,1,,,1,ANALOG,OPT2HST2ANALOG,172.18.3.82,1,39,,
33441,OP,35C118,OP BKR 1 STATUS COMM,4,23,2,0,,,,,STATUS,OP35C118STATUS,172.18.3.81,1,131,,
33442,OP,35C119,OP BKR 2 STATUS COMM,4,23,2,1,,,,,STATUS,OP35C119STATUS,172.18.3.81,1,132,,
33444,OP,35C120,OP BKR 3 STATUS COMM,4,23,2,2,,,,,STATUS,OP35C120STATUS,172.18.3.81,1,133,,
33447,OP,35C121,OP BKR 4 STATUS COMM,4,23,2,3,,,,,STATUS,OP35C121STATUS,172.18.3.81,1,134,,
33449,OP,35C218,OP BKR 5 STATUS COMM,4,23,2,4,,,,,STATUS,OP35C218STATUS,172.18.3.82,1,135,,
33455,OP,35C219,OP BKR 6 STATUS COMM,4,23,2,5,,,,,STATUS,OP35C219STATUS,172.18.3.82,1,136,,
33502,OP,35C220,OP BKR 7 STATUS COMM,4,23,2,6,,,,,STATUS,OP35C220STATUS,172.18.3.82,1,137,,
33628,OP,35C221,OP BKR 8 STATUS COMM,4,23,2,7,,,,,STATUS,OP35C221STATUS,172.18.3.82,1,138,,
33629,OP,35C223,OP TX2 STAT/CNTRL COMM,4,23,2,8,,,,,STATUS,OP35C223STATUS,172.18.3.82,1,140,,
33634,OP,351SC1,OP BKR 1 351 SELF CHECK,4,23,2,10,,,,,STATUS,OP351SC1STATUS,172.18.3.81,1,188,,
33635,OP,351SC2,OP BKR 2 351 SELF CHECK,4,23,2,11,,,,,STATUS,OP351SC2STATUS,172.18.3.81,1,189,,
33636,OP,351SC3,OP BKR 3 351 SELF CHECK,4,23,2,12,,,,,STATUS,OP351SC3STATUS,172.18.3.81,1,190,,
33643,OP,351SC4,OP BKR 5 351 SELF CHECK,4,23,2,13,,,,,STATUS,OP351SC4STATUS,172.18.3.81,1,191,,
33644,OP,351SC5,OP BKR 5 351 SELF CHECK,4,23,2,14,,,,,STATUS,OP351SC5STATUS,172.18.3.82,1,192,,
33645,OP,351SC6,OP BKR 6 351 SELF CHECK,4,23,2,15,,,,,STATUS,OP351SC6STATUS,172.18.3.82,1,193,,
074223,OP,T2HST3,TX2 WINDING 3 TEMP,4,23,,,2,,,1,ANALOG,OPT2HST3ANALOG,172.18.3.82,1,40,,
33646,OP,351SC7,OP BKR 7 351 SELF CHECK,4,23,3,0,,,,,STATUS,OP351SC7STATUS,172.18.3.82,1,194,,
33647,OP,351SC8,OP BKR 8 351 SELF CHECK,4,23,3,1,,,,,STATUS,OP351SC8STATUS,172.18.3.82,1,195,,
33648,OP,24T2SC,OP TX2 2411 FAIL,4,23,3,2,,,,,STATUS,OP24T2SCSTATUS,172.18.3.82,1,188,,
33650,OP,TX2TOT,OP TX2 HOT OIL TEMP,4,23,3,3,,,,,STATUS,OPTX2TOTSTATUS,172.18.3.82,1,49,,
33651,OP,TX2HS,OP TX2 HOT SPOT,4,23,3,4,,,,,STATUS,OPTX2HSSTATUS,172.18.3.82,1,50,,
33652,OP,TX2LR,OP TX2 LOC REM SW,4,23,3,5,,,,,STATUS,OPTX2LRSTATUS,172.18.3.82,1,51,,
33653,OP,TX2K1,OP TX2 VOLT CTRL K1,4,23,3,6,,,,,STATUS,OPTX2K1STATUS,172.18.3.82,1,52,,
33653,OP,TX2K1,OP TX2 VOLT CTRL K1 ON,4,23,,,,57,1,,RELAY,OPTX2K1RELAY,172.18.3.82,1,9,,
33653,OP,TX2K1,OP TX2 VOLT CTRL K1 OFF,4,23,,,,57,0,,RELAY,OPTX2K1RELAY,172.18.3.82,1,9,,
33654,OP,TX2K2,OP TX2 VOLT CTRL K2,4,23,3,7,,,,,STATUS,OPTX2K2STATUS,172.18.3.82,1,53,,
33654,OP,TX2K2,OP TX2 VOLT CTRL K2 ON,4,23,,,,58,1,,RELAY,OPTX2K2RELAY,172.18.3.82,1,10,,
33654,OP,TX2K2,OP TX2 VOLT CTRL K2 OFF,4,23,,,,58,0,,RELAY,OPTX2K2RELAY,172.18.3.82,1,10,,
33655,OP,TCA2,OP TX2 AUTO/MAN,4,23,3,8,,,,,STATUS,OPTCA2STATUS,172.18.3.82,1,54,,
33655,OP,TCA2,OP TX2 AUTO/MAN MANUAL,4,23,,,,56,1,,RELAY,OPTCA2RELAY,172.18.3.82,1,8,,
33655,OP,TCA2,OP TX2 AUTO/MAN AUTO,4,23,,,,56,0,,RELAY,OPTCA2RELAY,172.18.3.82,1,8,,
33656,OP,2W12SC,OP  TIE BKR 1 RELAY FAIL,4,23,3,9,,,,,STATUS,OP2W12SCSTATUS,172.18.3.82,1,196,,
33696,OP,2L21,OP TX2 LBI 2L21,4,23,3,10,,,,,STATUS,OP2L21STATUS,172.18.3.82,1,64,,
33696,OP,2L21,OP TX2 LBI,4,23,,,,77,1,,RELAY,OP2L21RELAY,172.18.3.82,1,17,,
33696,OP,2L21,OP TX2 LBI,4,23,,,,77,0,,RELAY,OP2L21RELAY,172.18.3.82,1,17,,
33697,OP,2M24,TX2 METER CT BYPASS SW,4,23,3,11,,,,REV 4MAT,STATUS,OP2M24STATUS,172.18.3.82,1,65,,
33698,OP,T2HIAL,OP TX2 CRIT HI TEMP,4,23,3,12,,,,,STATUS,OPT2HIALSTATUS,172.18.3.82,1,56,,
38430,OP,2W12,OP 2W12 TIE BKR 1,4,23,3,13,,,,,STATUS,OP2W12STATUS,172.18.3.82,1,114,,
38430,OP,2W12,2W12 TIE BKR 1,4,23,3,13,,76,1,,RELAY,OP2W12RELAY,172.18.3.82,1,38,,
38430,OP,2W12,2W12 TIE BKR 1,4,23,3,13,,76,0,,RELAY,OP2W12RELAY,172.18.3.82,1,38,,
33700,OP,2W12LR,OP TIE BKR 1 LOC REM,4,23,3,14,,,,,STATUS,OP2W12LRSTATUS,172.18.3.82,1,115,,
33701,OP,2W12BF,OP TIE BKR 1 BKR FAIL,4,23,3,15,,,,,STATUS,OP2W12BFSTATUS,172.18.3.82,1,116,,
07578,OP,TX2A,OP TX2 A AMPS,4,23,3,,3,,,2.4,ANALOG,OPTX2AANALOG,172.18.3.82,1,27,,
33657,OP,LRS,OP SUB LOCAL/REMOTE SW,4,23,4,0,,,,,STATUS,OPLRSSTATUS,172.18.3.81,1,193,,
33658,OP,86T2,OP TX2 LOCKOUT REL,4,23,4,1,,,,,STATUS,OP86T2STATUS,172.18.3.82,1,199,,
33660,OP,387SC2,OP TX2 DIFF PROT FAIL,4,23,4,2,,,,,STATUS,OP387SC2STATUS,172.18.3.82,1,175,,
33661,OP,501SC2,OP TX2 OVERCURRENT FAIL,4,23,4,3,,,,,STATUS,OP501SC2STATUS,172.18.3.82,1,176,,
33662,OP,21T2SC,OP TX2 2100 FAIL,4,23,4,4,,,,,STATUS,OP21T2SCSTATUS,172.18.3.82,1,179,,
33663,OP,MET2SC,OP TX2 735 METER FAIL,4,23,4,5,,,,REV 4MAT,STATUS,OPMET2SCSTATUS,172.18.3.82,1,180,,
33664,OP,86TCM2,OP TX2 86T LCKOUT TCM,4,23,4,6,,,,,STATUS,OP86TCM2STATUS,172.18.3.82,1,200,,
33665,OP,94TCM2,OP TX2 94T TCM,4,23,4,7,,,,,STATUS,OP94TCM2STATUS,172.18.3.82,1,205,,
33666,OP,35C206,OP TX2 387E ALARM COM,4,23,4,8,,,,,STATUS,OP35C206STATUS,172.18.3.82,1,123,,
33668,OP,BATTDC,OP BATT DC VOLT,4,23,4,9,,,,,STATUS,OPBATTDCSTATUS,172.18.3.81,1,218,,
35148,OP,TX2DRD,OP TX2 DIFF PROT DISABLE,4,23,4,11,,,,,STATUS,OPTX2DRDSTATUS,172.18.3.82,1,198,,
30122,OP,25SC2,OP TX2 STA/CTRL FAIL,4,23,4,12,,,,,STATUS,OP25SC2STATUS,172.18.3.82,1,182,,
33676,OP,35C101,OP BKR 1 CTRL COM,4,23,4,13,,,,,STATUS,OP35C101STATUS,172.18.3.81,1,114,,
33677,OP,35C102,OP BKR 2 CTRL COM,4,23,4,14,,,,,STATUS,OP35C102STATUS,172.18.3.81,1,115,,
33678,OP,35C103,OP BKR 3 CTRL COM,4,23,4,15,,,,,STATUS,OP35C103STATUS,172.18.3.81,1,116,,
07618,OP,TX2B,OP TX2 B AMPS,4,23,,,4,,,2.4,ANALOG,OPTX2BANALOG,172.18.3.82,1,28,,
33679,OP,35C104,OP BKR 4 CTRL COM,4,23,5,0,,,,,STATUS,OP35C104STATUS,172.18.3.81,1,117,,
33680,OP,35C201,OP BKR 5 CTRL COM,4,23,5,1,,,,,STATUS,OP35C201STATUS,172.18.3.82,1,118,,
33681,OP,35C202,OP BKR 6 CTRL COM,4,23,5,2,,,,,STATUS,OP35C202STATUS,172.18.3.82,1,119,,
33684,OP,35C203,OP BKR 7 CTRL COM,4,23,5,3,,,,,STATUS,OP35C203STATUS,172.18.3.82,1,120,,
33685,OP,35C204,OP BKR 8 CTRL COM,4,23,5,4,,,,,STATUS,OP35C204STATUS,172.18.3.82,1,121,,
30123,OP,25SC11,OP MOSW STA/CTRL FAIL,4,23,5,5,,,,,STATUS,OP25SC11STATUS,172.18.3.81,1,182,,
34794,OP,1POT,BKR 1 LOSS OF POT FOR UF,4,23,5,6,,,,,STATUS,OP1POTSTATUS,172.18.3.81,1,73,,
34795,OP,2POT,BKR 2 LOSS OF POT FOR UF,4,23,5,7,,,,,STATUS,OP2POTSTATUS,172.18.3.81,1,85,,
34796,OP,3POT, BKR 3 LOSS OF POT FOR UF,4,23,5,8,,,,,STATUS,OP3POTSTATUS,172.18.3.81,1,97,,
34797,OP,4POT,BKR 4 LOSS OF POT FOR UF,4,23,5,9,,,,,STATUS,OP4POTSTATUS,172.18.3.81,1,109,,
34798,OP,5POT,BKR 5 LOSS OF POT FOR UF,4,23,5,10,,,,,STATUS,OP5POTSTATUS,172.18.3.82,1,73,,
34799,OP,6POT,BKR 6 LOSS OF POT FOR UF,4,23,5,11,,,,,STATUS,OP6POTSTATUS,172.18.3.82,1,85,,
34800,OP,7POT,BKR 7 LOSS OF POT FOR UF,4,23,5,12,,,,,STATUS,OP7POTSTATUS,172.18.3.82,1,97,,
34801,OP,8POT,BKR 8 LOSS OF POT FOR UF,4,23,5,13,,,,,STATUS,OP8POTSTATUS,172.18.3.82,1,109,,
36567,OP,MET2CP,OP TX2 METERING COM,4,23,5,15,,,,,STATUS,OPMET2CPSTATUS,172.18.3.82,1,125,,
07619,OP,TX2C,OP TX2 B AMPS,4,23,,,5,,,2.4,ANALOG,OPTX2CANALOG,172.18.3.82,1,29,,
33687,OP,MSB,OP MOSW BLOCKING REL,4,23,6,0,,,,,STATUS,OPMSBSTATUS,172.18.3.81,1,241,,
33687,OP,MSB,OP MOSW BLOCKING REL BLOCKED,4,23,,,,60,1,,RELAY,OPMSBRELAY,172.18.3.81,1,38,,
33687,OP,MSB,OP MOSW BLOCKING REL NORMAL,4,23,,,,60,0,,RELAY,OPMSBRELAY,172.18.3.81,1,38,,
33688,OP,S629,ORANGE PARK MOSW S629,4,23,6,1,,,,,STATUS,OPS629STATUS,172.18.3.81,1,221,,
33688,OP,S629_1,ORANGE PARK MOSW S629,4,23,6,1,,,,,STATUS,OPS629_1STATUS,172.18.3.81,1,222,,
33688,OP,S629,ORANGE PARK MOSW S629 OPEN,4,23,,,,61,1,,RELAY,OPS629RELAY,172.18.3.81,1,39,,
33688,OP,S629,ORANGE PARK MOSW S629 CLOSE,4,23,,,,61,0,,RELAY,OPS629RELAY,172.18.3.81,1,39,,
33689,OP,S635,ORANGE PARK MOSW S635,4,23,6,3,,,,,STATUS,OPS635STATUS,172.18.3.81,1,226,,
33689,OP,S635_1,ORANGE PARK MOSW S635,4,23,6,3,,,,,STATUS,OPS635_1STATUS,172.18.3.81,1,227,,
33689,OP,S635,ORANGE PARK MOSW S635 OPEN,4,23,,,,62,1,,RELAY,OPS635RELAY,172.18.3.81,1,40,,
33689,OP,S635,ORANGE PARK MOSW S635 CLOSE,4,23,,,,62,0,,RELAY,OPS635RELAY,172.18.3.81,1,40,,
33690,OP,S629AL,S629 LRS/SYS & LOSS DC,4,23,6,5,,,,,STATUS,OPS629ALSTATUS,172.18.3.81,1,223,,
33691,OP,S635AL,OP S635 LRS/SYSTEM FAIL,4,23,6,6,,,,,STATUS,OPS635ALSTATUS,172.18.3.81,1,224,,
33702,OP,35C211,OP TX2 2411 ALARMS COM,4,23,6,7,,,,,STATUS,OP35C211STATUS,172.18.3.82,1,128,,
33703,OP,35C228,OP TX2 2411 FUTURE COM,4,23,6,8,,,,,STATUS,OP35C228STATUS,172.18.3.82,1,145,,
33695,OP,35C127,OP MOSW STA/CTRL COM,4,23,6,10,,,,,STATUS,OP35C127STATUS,172.18.3.81,1,140,,
34789,OP,1UF,OP BKR 1 UNDER FREQ TRIP,4,23,6,11,,,,,STATUS,OP1UFSTATUS,172.18.3.81,1,70,,
34790,OP,2UF,OP BKR 2 UNDER FREQ TRIP,4,23,6,12,,,,,STATUS,OP2UFSTATUS,172.18.3.81,1,82,,
34791,OP,6UF,OP BKR 6 UNDER FREQ TRIP,4,23,6,13,,,,,STATUS,OP6UFSTATUS,172.18.3.82,1,82,,
34792,OP,7UF,OP BKR 7 UNDER FREQ TRIP,4,23,6,14,,,,,STATUS,OP7UFSTATUS,172.18.3.82,1,94,,
34793,OP,8UF,OP BKR 8 UNDER FREQ TRIP,4,23,6,15,,,,,STATUS,OP8UFSTATUS,172.18.3.82,1,106,,
07620,OP,TX2W,OP TX2 WATTS,4,23,,,6,,,48,ANALOG,OPTX2WANALOG,172.18.3.82,1,31,,
36479,OP,4HL,BKR 4 HOT LINE NON-RECL,4,23,7,0,,,,,STATUS,OP4HLSTATUS,172.18.3.81,1,108,,
36479,OP,4HL,BKR 4 HOT LINE NON-RECL ENABLED,4,23,,,,15,1,,RELAY,OP4HLRELAY,172.18.3.81,1,36,,
36479,OP,4HL,BKR 4 HOT LINE NON-RECL NORMAL,4,23,,,,15,0,,RELAY,OP4HLRELAY,172.18.3.81,1,36,,
36612,OP,5HL,BKR 5 HOT LINE NON-RECL,4,23,7,1,,,,,STATUS,OP5HLSTATUS,172.18.3.82,1,72,,
36612,OP,5HL,BKR 5 HOT LINE NON-RECL ENABLED,4,23,,,,27,1,,RELAY,OP5HLRELAY,172.18.3.82,1,21,,
36612,OP,5HL,BKR 5 HOT LINE NON-RECL NORMAL,4,23,,,,27,0,,RELAY,OP5HLRELAY,172.18.3.82,1,21,,
36613,OP,6HL,BKR 6 HOT LINE NON-RECL,4,23,7,2,,,,,STATUS,OP6HLSTATUS,172.18.3.82,1,84,,
36613,OP,6HL,BKR 6 HOT LINE NON-RECL ENABLED,4,23,,,,31,1,,RELAY,OP6HLRELAY,172.18.3.82,1,26,,
36613,OP,6HL,BKR 6 HOT LINE NON-RECL NORMAL,4,23,,,,31,0,,RELAY,OP6HLRELAY,172.18.3.82,1,26,,
36778,OP,79LO1,ORANGE PARK BKR 1 LOCKOUT,4,23,7,3,,,,,STATUS,OP79LO1STATUS,172.18.3.81,1,74,,
36779,OP,79LO2,ORANGE PARK BKR 2 LOCKOUT,4,23,7,4,,,,,STATUS,OP79LO2STATUS,172.18.3.81,1,86,,
36780,OP,79LO3,ORANGE PARK BKR 3 LOCKOUT,4,23,7,5,,,,,STATUS,OP79LO3STATUS,172.18.3.81,1,98,,
36781,OP,79LO4,ORANGE PARK BKR 4 LOCKOUT,4,23,7,6,,,,,STATUS,OP79LO4STATUS,172.18.3.81,1,110,,
36782,OP,79LO5,ORANGE PARK BKR 5 LOCKOUT,4,23,7,7,,,,,STATUS,OP79LO5STATUS,172.18.3.82,1,74,,
36783,OP,79LO6,ORANGE PARK BKR 6 LOCKOUT,4,23,7,8,,,,,STATUS,OP79LO6STATUS,172.18.3.82,1,86,,
36784,OP,79LO7,ORANGE PARK BKR 7 LOCKOUT,4,23,7,9,,,,,STATUS,OP79LO7STATUS,172.18.3.82,1,98,,
36785,OP,79LO8,ORANGE PARK BKR 8 LOCKOUT,4,23,7,10,,,,,STATUS,OP79LO8STATUS,172.18.3.82,1,110,,
36885,OP,S635DC,OP S635 LOSS OF DC,4,23,7,11,,,,,STATUS,OPS635DCSTATUS,172.18.3.81,1,228,,
38134,OP,35C216,OP TX2 3530 TO RTU COM,4,23,7,13,,,,REV 4MAT,STATUS,OP35C216STATUS,#N/A,1,#N/A,,
38135,OP,2407SC,CLOCK SELF CHECK,4,23,7,14,,,,,STATUS,OP2407SCSTATUS,172.18.3.81,1,177,,
30560,OP,MTXAC,MOBIL TX LOSS OF AC,4,23,8,0,,,,,STATUS,OPMTXACSTATUS,#N/A,1,#N/A,,
30001,OP,MTXTOT,MOBILE TX HOT OIL TEMP,4,23,8,1,,,,,STATUS,OPMTXTOTSTATUS,#N/A,1,#N/A,,
30681,OP,MTXSC,MOBIL TX SELF CK,4,23,8,2,,,,,STATUS,OPMTXSCSTATUS,#N/A,1,#N/A,,
38264,OP,1HL,BKR 1 HOT LINE NON-RECL,4,23,8,3,,,,,STATUS,OP1HLSTATUS,172.18.3.81,1,72,,
38264,OP,1HL,BKR 1 HOT LINE NON-RECL ENABLED,4,23,,,,3,1,,RELAY,OP1HLRELAY,172.18.3.81,1,21,,
38264,OP,1HL,BKR 1 HOT LINE NON-RECL NORMAL,4,23,,,,3,0,,RELAY,OP1HLRELAY,172.18.3.81,1,21,,
38265,OP,2HL,BKR 2 HOT LINE NON-RECL,4,23,8,4,,,,,STATUS,OP2HLSTATUS,172.18.3.81,1,84,,
38265,OP,2HL,BKR 2 HOT LINE NON-RECL ENABLED,4,23,,,,7,1,,RELAY,OP2HLRELAY,172.18.3.81,1,26,,
38265,OP,2HL,BKR 2 HOT LINE NON-RECL NORMAL,4,23,,,,7,0,,RELAY,OP2HLRELAY,172.18.3.81,1,26,,
38266,OP,3HL,BKR 3 HOT LINE NON-RECL,4,23,8,5,,,,,STATUS,OP3HLSTATUS,172.18.3.81,1,96,,
38266,OP,3HL,BKR 3 HOT LINE NON-RECL ENABLED,4,23,,,,11,1,,RELAY,OP3HLRELAY,172.18.3.81,1,31,,
38266,OP,3HL,BKR 3 HOT LINE NON-RECL NORMAL,4,23,,,,11,0,,RELAY,OP3HLRELAY,172.18.3.81,1,31,,
38267,OP,7HL,BKR 7 HOT LINE NON-RECL,4,23,8,6,,,,,STATUS,OP7HLSTATUS,172.18.3.82,1,96,,
38267,OP,7HL,BKR 7 HOT LINE NON-RECL ENABLED,4,23,,,,35,1,,RELAY,OP7HLRELAY,172.18.3.82,1,31,,
38267,OP,7HL,BKR 7 HOT LINE NON-RECL NORMAL,4,23,,,,35,0,,RELAY,OP7HLRELAY,172.18.3.82,1,31,,
38268,OP,8HL,BKR 8 HOT LINE NON-RECL,4,23,8,7,,,,,STATUS,OP8HLSTATUS,172.18.3.82,1,108,,
38268,OP,8HL,BKR 8 HOT LINE NON-RECL ENABLED,4,23,,,,39,1,,RELAY,OP8HLRELAY,172.18.3.82,1,36,,
38268,OP,8HL,BKR 8 HOT LINE NON-RECL NORMAL,4,23,,,,39,0,,RELAY,OP8HLRELAY,172.18.3.82,1,36,,
07622,OP,1A,OP BKR 1 A AMPS BKR TRIP,4,23,,,8,,,0.5862237,ANALOG,OP1AANALOG,172.18.3.81,1,46,,
07623,OP,1B,OP BKR 1 B AMPS BKR TRIP,4,23,,,9,,,0.5862237,ANALOG,OP1BANALOG,172.18.3.81,1,47,,
07624,OP,1C,OP BKR 1 C AMPS BKR TRIP,4,23,,,10,,,0.5862237,ANALOG,OP1CANALOG,172.18.3.81,1,48,,
07625,OP,2A,OP BKR 2 A AMPS BKR TRIP,4,23,,,11,,,0.5862237,ANALOG,OP2AANALOG,172.18.3.81,1,52,,
07626,OP,2B,OP BKR 2 B AMPS BKR TRIP,4,23,,,12,,,0.5862237,ANALOG,OP2BANALOG,172.18.3.81,1,53,,
07628,OP,2C,OP BKR 2 C AMPS BKR TRIP,4,23,,,13,,,0.5862237,ANALOG,OP2CANALOG,172.18.3.81,1,54,,
07629,OP,3A,OP BKR 3 A AMPS BKR TRIP,4,23,,,14,,,0.5862237,ANALOG,OP3AANALOG,172.18.3.81,1,58,,
07630,OP,3B,OP BKR 3 B AMPS BKR TRIP,4,23,,,15,,,0.5862237,ANALOG,OP3BANALOG,172.18.3.81,1,59,,
07631,OP,3C,OP BKR 3 C AMPS BKR TRIP,4,23,,,16,,,0.5862237,ANALOG,OP3CANALOG,172.18.3.81,1,60,,
07632,OP,4A,OP BKR 4 A AMPS BKR TRIP,4,23,,,17,,,0.5862237,ANALOG,OP4AANALOG,172.18.3.81,1,64,,
07633,OP,4B,OP BKR 4 B AMPS BKR TRIP,4,23,,,18,,,0.5862237,ANALOG,OP4BANALOG,172.18.3.81,1,65,,
07634,OP,4C,OP BKR 4 C AMPS BKR TRIP,4,23,,,19,,,0.5862237,ANALOG,OP4CANALOG,172.18.3.81,1,66,,
07635,OP,5A,OP BKR 5 A AMPS BKR TRIP,4,23,,,20,,,0.5862237,ANALOG,OP5AANALOG,172.18.3.82,1,46,,
07636,OP,5B,OP BKR 5 B AMPS BKR TRIP,4,23,,,21,,,0.5862237,ANALOG,OP5BANALOG,172.18.3.82,1,47,,
07637,OP,5C,OP BKR 5 C AMPS BKR TRIP,4,23,,,22,,,0.5862237,ANALOG,OP5CANALOG,172.18.3.82,1,48,,
07638,OP,6A,OP BKR 6 A AMPS BKR TRIP,4,23,,,23,,,0.5862237,ANALOG,OP6AANALOG,172.18.3.82,1,52,,
07639,OP,6B,OP BKR 6 B AMPS BKR TRIP,4,23,,,24,,,0.5862237,ANALOG,OP6BANALOG,172.18.3.82,1,53,,
07640,OP,6C,OP BKR 6 C AMPS BKR TRIP,4,23,,,25,,,0.5862237,ANALOG,OP6CANALOG,172.18.3.82,1,54,,
07641,OP,7A,OP BKR 7 A AMPS BKR TRIP,4,23,,,26,,,0.5862237,ANALOG,OP7AANALOG,172.18.3.82,1,58,,
07642,OP,7B,OP BKR 7 B AMPS BKR TRIP,4,23,,,27,,,0.5862237,ANALOG,OP7BANALOG,172.18.3.82,1,59,,
07643,OP,7C,OP BKR 7 C AMPS BKR TRIP,4,23,,,28,,,0.5862237,ANALOG,OP7CANALOG,172.18.3.82,1,60,,
07644,OP,8A,OP BKR 8 A AMPS BKR TRIP,4,23,,,29,,,0.5862237,ANALOG,OP8AANALOG,172.18.3.82,1,64,,
07645,OP,8B,OP BKR 8 B AMPS BKR TRIP,4,23,,,30,,,0.5862237,ANALOG,OP8BANALOG,172.18.3.82,1,65,,
07646,OP,8C,OP BKR 8 C AMPS BKR TRIP,4,23,,,31,,,0.5862237,ANALOG,OP8CANALOG,172.18.3.82,1,66,,
05743,OP,DCV,OP DC VOLTS,4,23,,,32,,,0.07327797,ANALOG,OPDCVANALOG,172.18.3.81,1,70,,
07648,OP,TX2TMP,OP TX2 TANK OIL TEMP,4,23,,,33,,,1,ANALOG,OPTX2TMPANALOG,172.18.3.82,1,41,,
07649,OP,TX2ABT,OP TX2 AMBIENT TEMP,4,23,,,34,,,1,ANALOG,OPTX2ABTANALOG,172.18.3.82,1,43,,
07650,OP,LTC2,OP LTC2 TAP POS,4,23,,,35,,,0.0078,ANALOG,OPLTC2ANALOG,172.18.3.82,1,21,,
07652,OP,RAV2,OP TX2 REG A VOLTS,4,23,,,36,,,0.1,ANALOG,OPRAV2ANALOG,172.18.3.82,1,24,,
07653,OP,RBV2,OP TX2 REG B VOLTS,4,23,,,37,,,0.1,ANALOG,OPRBV2ANALOG,172.18.3.82,1,25,,
07654,OP,RCV2,OP TX2 REG C VOLTS,4,23,,,38,,,0.1,ANALOG,OPRCV2ANALOG,172.18.3.82,1,26,,
06410,OP,PF2M,OP TX2 POWER FACTOR,4,23,,,39,,,0.1,ANALOG,OPPF2MANALOG,172.18.3.82,1,34,,
06411,OP,TX2FRQ,OP TX2 FREQUENCY,4,23,,,40,,,0.1,ANALOG,OPTX2FRQANALOG,172.18.3.82,1,35,,
06412,OP,KVA2M,OP TX2 KVA METER,4,23,,,41,,,48,ANALOG,OPKVA2MANALOG,172.18.3.82,1,30,,
06413,OP,MV2,OP TX2 VARS LAG,4,23,,,42,,,48,ANALOG,OPMV2ANALOG,172.18.3.82,1,33,,
06414,OP,MV2-,OP TX2 VARS LEAD,4,23,,,43,,,48,ANALOG,OPMV2-ANALOG,172.18.3.82,1,32,,
05331,OP,TC2TMP,OP TX2 LTC OIL TEMP,4,23,,,44,,,1,ANALOG,OPTC2TMPANALOG,172.18.3.82,1,42,,
05332,OP,KWPHR2,OP TX2 KW PREV HR,4,23,,,45,,,144,ANALOG,OPKWPHR2ANALOG,172.18.3.82,1,36,,
08069,OP,1KW,OP FDR 1 WATTS,4,23,,,48,,,10,ANALOG,OP1KWANALOG,172.18.3.81,1,49,,
08070,OP,2KW,OP FDR 2 WATTS,4,23,,,49,,,10,ANALOG,OP2KWANALOG,172.18.3.81,1,55,,
08071,OP,3KW,OP FDR 3 WATTS,4,23,,,50,,,10,ANALOG,OP3KWANALOG,172.18.3.81,1,61,,
08072,OP,4KW,OP FDR 4 WATTS,4,23,,,51,,,10,ANALOG,OP4KWANALOG,172.18.3.81,1,67,,
08073,OP,5KW,OP FDR 5 WATTS,4,23,,,52,,,10,ANALOG,OP5KWANALOG,172.18.3.82,1,49,,
08074,OP,6KW,OP FDR 6 WATTS,4,23,,,53,,,10,ANALOG,OP6KWANALOG,172.18.3.82,1,55,,
08075,OP,7KW,OP FDR 7 WATTS,4,23,,,54,,,10,ANALOG,OP7KWANALOG,172.18.3.82,1,61,,
08076,OP,8KW,OP FDR 8 WATTS,4,23,,,55,,,10,ANALOG,OP8KWANALOG,172.18.3.82,1,67,,
08436,OP,1PF,OP FDR 1 POWER FACTOR,4,23,,,56,,,0.1,ANALOG,OP1PFANALOG,172.18.3.81,1,51,,
08437,OP,2PF,OP FDR 2 POWER FACTOR,4,23,,,57,,,0.1,ANALOG,OP2PFANALOG,172.18.3.81,1,57,,
08438,OP,3PF,OP FDR 3 POWER FACTOR,4,23,,,58,,,0.1,ANALOG,OP3PFANALOG,172.18.3.81,1,63,,
08439,OP,4PF,OP FDR 4 POWER FACTOR,4,23,,,59,,,0.1,ANALOG,OP4PFANALOG,172.18.3.81,1,69,,
08440,OP,5PF,OP FDR 5 POWER FACTOR,4,23,,,60,,,0.1,ANALOG,OP5PFANALOG,172.18.3.82,1,51,,
08441,OP,6PF,OP FDR 6 POWER FACTOR,4,23,,,61,,,0.1,ANALOG,OP6PFANALOG,172.18.3.82,1,57,,
08442,OP,7PF,OP FDR 7 POWER FACTOR,4,23,,,62,,,0.1,ANALOG,OP7PFANALOG,172.18.3.82,1,63,,
08443,OP,8PF,OP FDR 8 POWER FACTOR,4,23,,,63,,,0.1,ANALOG,OP8PFANALOG,172.18.3.82,1,69,,
33692,OP,TC2,OP LOAD TAP CHANGER RAISE,4,23,,,,59,1,,RELAY,OPTC2RELAY,172.18.3.82,1,11,,
33692,OP,TC2,OP LOAD TAP CHANGER LOWER,4,23,,,,59,0,,RELAY,OPTC2RELAY,172.18.3.82,1,11,,
30381,OP,W6280,OP TX2 W6280 HS BKR POS,4,23,13,14,,,,,STATUS,OPW6280STATUS,172.18.3.82,1,0,,
30381,OP,W6280,W6280 TX2 HS BKR OPEN,4,23,,,,88,1,,RELAY,OPW6280RELAY,172.18.3.82,1,0,,
30381,OP,W6280,W6280 TX2 HS BKR CLOSE,4,23,,,,88,0,,RELAY,OPW6280RELAY,172.18.3.82,1,0,,
31235,OP,6280LP,OP BKR LO SF6 GAS,4,23,13,15,,,,,STATUS,OP6280LPSTATUS,172.18.3.82,1,1,,
31236,OP,6280LG,OP BKR LO SF6 CUTOUT,4,23,14,0,,,,,STATUS,OP6280LGSTATUS,172.18.3.82,1,2,,
31237,OP,6282S,OP HS BKR 1 BYPASS POS,4,23,14,1,,,,,STATUS,OP6282SSTATUS,172.18.3.82,1,21,,
31238,OP,35C207,OP TX2 501 ALARM COM,4,23,14,2,,,,,STATUS,OP35C207STATUS,172.18.3.82,1,124,,
31239,OP,35C224,OP HS 2505 STA/CTRL COM,4,23,14,3,,,,,STATUS,OP35C224STATUS,172.18.3.82,1,141,,
31805,OP,2X12,OP 2X12 TRANSFER BUS TIE,4,23,14,4,,,,,STATUS,OP2X12STATUS,172.18.3.81,1,62,,
31240,OP,35T1SC,OP TX1 3530 FAIL,4,23,14,7,,,,,STATUS,OP35T1SCSTATUS,172.18.3.82,1,173,,
31253,OP,25SC4,OP HS STA/CTRL FAIL,4,23,14,5,,,,,STATUS,OP25SC4STATUS,172.18.3.82,1,183,,
35882,OP,T2F1AC,OP TX2 STG1 FANS LOSS AC,4,23,8,8,,,,,STATUS,OPT2F1ACSTATUS,172.18.3.82,1,31,,
38436,OP,T2F2AC,OP TX2 STG2 FANS LOSS AC,4,23,8,9,,,,,STATUS,OPT2F2ACSTATUS,172.18.3.82,1,32,,
38437,OP,TX2NHI,OP TX2 TANK NITRO HI PRS,4,23,8,10,,,,,STATUS,OPTX2NHISTATUS,172.18.3.82,1,33,,
38438,OP,TX2NLO,OP TX2 TANK NITRO LO PRS,4,23,8,11,,,,,STATUS,OPTX2NLOSTATUS,172.18.3.82,1,34,,
38439,OP,T2NCLO,OP TX2 NITRO CYL LO PRS,4,23,8,12,,,,,STATUS,OPT2NCLOSTATUS,172.18.3.82,1,35,,
38440,OP,T2PR,OP TX2 TANK PRS RELIEF,4,23,8,13,,,,,STATUS,OPT2PRSTATUS,172.18.3.82,1,36,,
38441,OP,T2SP,OP TX2 TANK SUDDEN PRS,4,23,8,14,,,,,STATUS,OPT2SPSTATUS,172.18.3.82,1,37,,
38442,OP,TX2LO,OP TX2 TANK LO OIL,4,23,8,15,,,,,STATUS,OPTX2LOSTATUS,172.18.3.82,1,38,,
38443,OP,TX2CLO,OP TX2 TANK CRIT LO OIL,4,23,9,0,,,,,STATUS,OPTX2CLOSTATUS,172.18.3.82,1,39,,
38444,OP,LTC2LO,OP LTC2 TANK LO OIL,4,23,9,1,,,,,STATUS,OPLTC2LOSTATUS,172.18.3.82,1,41,,
38445,OP,TC2PWR,OP LTC2 LOSS OF POWER,4,23,9,2,,,,,STATUS,OPTC2PWRSTATUS,172.18.3.82,1,42,,
38446,OP,TCP2,OP LTC2 OFF TAP,4,23,9,3,,,,,STATUS,OPTCP2STATUS,172.18.3.82,1,43,,
38447,OP,LTCMT2,OP LTC2 MOTOR HI TEMP,4,23,9,4,,,,,STATUS,OPLTCMT2STATUS,172.18.3.82,1,44,,
38448,OP,TCPR2,OP LTC2 PRS RELIEF,4,23,9,5,,,,,STATUS,OPTCPR2STATUS,172.18.3.82,1,45,,
38449,OP,86X2,OP LTC2 LCKOUT BLKS LTC,4,23,9,6,,,,,STATUS,OP86X2STATUS,172.18.3.82,1,46,,
38450,OP,T2FAN1,OP TX2 STG 1 FANS ON/OFF,4,23,9,7,,,,,STATUS,OPT2FAN1STATUS,172.18.3.82,1,47,,
38450,OP,T2FAN1,OP TX2 STG1 FANS ON,4,23,,,,74,1,,RELAY,OPT2FAN1RELAY,172.18.3.82,1,6,,
38450,OP,T2FAN1,OP TX2 STG1 FANS OFF,4,23,,,,74,0,,RELAY,OPT2FAN1RELAY,172.18.3.82,1,6,,
38451,OP,T2FAN2,OP TX2 STG2 FANS ON/OFF,4,23,9,8,,,,,STATUS,OPT2FAN2STATUS,172.18.3.82,1,48,,
38451,OP,T2FAN2,OP TX2 STG2 FANS ON,4,23,,,,75,1,,RELAY,OPT2FAN2RELAY,172.18.3.82,1,7,,
38451,OP,T2FAN2,OP TX2 STG2 FANS OFF,4,23,,,,75,0,,RELAY,OPT2FAN2RELAY,172.18.3.82,1,7,,
38452,OP,35C209,OP 2100-2 ALARM COM 9,4,23,9,9,,,,,STATUS,OP35C209STATUS,172.18.3.82,1,126,,
38453,OP,35C210,OP 2100-2 ALARM COM 10,4,23,9,10,,,,,STATUS,OP35C210STATUS,172.18.3.82,1,127,,
38454,OP,35C205,OP 2W12 CTRL COM,4,23,9,11,,,,,STATUS,OP35C205STATUS,172.18.3.82,1,122,,
38455,OP,35C222,OP 2W12 STA COM,4,23,9,12,,,,,STATUS,OP35C222STATUS,172.18.3.82,1,139,,
31806,OP,35C225,OP LS 2505 STA CTRL COM,4,23,9,13,,,,,STATUS,OP35C225STATUS,172.18.3.82,1,142,,
38456,OP,25SC7,OP LS STA CTRL FAIL,4,23,9,14,,,,,STATUS,OP25SC7STATUS,172.18.3.82,1,184,,
38430,OP,2W12,OP 2W12 TIE BKR 1 TRIP,4,23,,,,76,1,,RELAY,OP2W12RELAY,172.18.3.82,1,38,,
38430,OP,2W12,OP 2W12 TIE BKR 1 CLOSE,4,23,,,,76,0,,RELAY,OP2W12RELAY,172.18.3.82,1,38,,
33696,OP,2L21,OP TX2 LBI 2L21 TRIP,4,23,,,,77,1,,RELAY,OP2L21RELAY,172.18.3.82,1,17,,
33696,OP,2L21,OP TX2 LBI 2L21 CLOSE,4,23,,,,77,0,,RELAY,OP2L21RELAY,172.18.3.82,1,17,,
34171,OP,W6276,OP TX1 W6276 HS BKR POS,4,23,10,0,,,,,STATUS,OPW6276STATUS,172.18.3.81,1,0,,
34171,OP,W6276,W6276 TX1 HS BKR OPEN,4,23,,,,80,1,,RELAY,OPW6276RELAY,172.18.3.81,1,0,,
34171,OP,W6276,W6276 TX1 HS BKR CLOSE,4,23,,,,80,0,,RELAY,OPW6276RELAY,172.18.3.81,1,0,,
38561,OP,6276LP,OP BKR LO SF6 GAS,4,23,10,1,,,,,STATUS,OP6276LPSTATUS,172.18.3.81,1,1,,
38562,OP,6276LG,OP BKR LO SF6 CUTOUT,4,23,10,2,,,,,STATUS,OP6276LGSTATUS,172.18.3.81,1,2,,
33951,OP,6278S,OP HS BKR 1 BYPASS POS,4,23,10,3,,,,,STATUS,OP6278SSTATUS,172.18.3.81,1,21,,
38563,OP,M6283,OP HS MOBILE TX DISC SW,4,23,10,4,,,,,STATUS,OPM6283STATUS,172.18.3.81,1,30,,
38564,OP,T1F1AC,OP TX1 STG1 FANS LOSS AC,4,23,10,5,,,,,STATUS,OPT1F1ACSTATUS,172.18.3.81,1,31,,
38565,OP,T1F2AC,OP TX1 STG2 FANS LOSS AC,4,23,10,6,,,,,STATUS,OPT1F2ACSTATUS,172.18.3.81,1,32,,
38566,OP,TX1NHI,OP TX1 TANK NITRO HI PRS,4,23,10,7,,,,,STATUS,OPTX1NHISTATUS,172.18.3.81,1,33,,
38567,OP,TX1NLO,OP TX1 TANK NITRO LO PRS,4,23,10,8,,,,,STATUS,OPTX1NLOSTATUS,172.18.3.81,1,34,,
38568,OP,T1NCLO,OP TX1 NITRO CYL LO PRS,4,23,10,9,,,,,STATUS,OPT1NCLOSTATUS,172.18.3.81,1,35,,
38569,OP,T1PR,OP TX1 TANK PRS RELIEF,4,23,10,10,,,,,STATUS,OPT1PRSTATUS,172.18.3.81,1,36,,
38570,OP,T1SP,OP TX1 TANK SUDDEN PRS,4,23,10,11,,,,,STATUS,OPT1SPSTATUS,172.18.3.81,1,37,,
38571,OP,TX1LO,OP TX1 TANK LO OIL ,4,23,10,12,,,,,STATUS,OPTX1LOSTATUS,172.18.3.81,1,38,,
38572,OP,TX1CLO,OP TX1 TANK CRIT LO OIL,4,23,10,13,,,,,STATUS,OPTX1CLOSTATUS,172.18.3.81,1,39,,
38573,OP,LTC1LO,OP LTC1 TANK LO OIL,4,23,10,14,,,,,STATUS,OPLTC1LOSTATUS,172.18.3.81,1,41,,
38574,OP,TC1PWR,OP LTC1 LOSS OF POWER,4,23,10,15,,,,,STATUS,OPTC1PWRSTATUS,172.18.3.81,1,42,,
37575,OP,TCP1,OP LTC1 OFF TAP,4,23,11,0,,,,,STATUS,OPTCP1STATUS,172.18.3.81,1,43,,
38576,OP,LTCMT1,OP LTC1 MOTOR HI TEMP,4,23,11,1,,,,,STATUS,OPLTCMT1STATUS,172.18.3.81,1,44,,
38577,OP,TCPR1,OP LTC1 PRS RELIEF,4,23,11,2,,,,,STATUS,OPTCPR1STATUS,172.18.3.81,1,45,,
38578,OP,86X1,OP LTC1 LCKOUT BLKS LTC,4,23,11,3,,,,,STATUS,OP86X1STATUS,172.18.3.81,1,46,,
38579,OP,T1FAN1,OP TX1 STG1 FANS,4,23,11,4,,,,,STATUS,OPT1FAN1STATUS,172.18.3.81,1,47,,
38579,OP,T1FAN1,TX1 STAGE1 FANS ON,4,23,,,,81,1,,RELAY,OPT1FAN1RELAY,172.18.3.81,1,6,,
38579,OP,T1FAN1,TX1 STAGE1 FANS OFF,4,23,,,,81,0,,RELAY,OPT1FAN1RELAY,172.18.3.81,1,6,,
38580,OP,T1FAN2,OP TX1 STG2 FANS,4,23,11,5,,,,,STATUS,OPT1FAN2STATUS,172.18.3.81,1,48,,
38580,OP,T1FAN2,TX1 STAGE2 FANS ON,4,23,,,,82,1,,RELAY,OPT1FAN2RELAY,172.18.3.81,1,7,,
38580,OP,T1FAN2,TX1 STAGE2 FANS OFF,4,23,,,,82,0,,RELAY,OPT1FAN2RELAY,172.18.3.81,1,7,,
38581,OP,TX1TOT,OP TX1 HOT OIL TEMP,4,23,11,6,,,,,STATUS,OPTX1TOTSTATUS,172.18.3.81,1,49,,
38582,OP,TX1HS,OP TX1 HOT SPOT,4,23,11,7,,,,,STATUS,OPTX1HSSTATUS,172.18.3.81,1,50,,
38583,OP,TX1LR,OP TX1 LOC/REM SW,4,23,11,8,,,,,STATUS,OPTX1LRSTATUS,172.18.3.81,1,51,,
38584,OP,TX1K1,OP TX1 VOLT CTRL K1,4,23,11,9,,,,,STATUS,OPTX1K1STATUS,172.18.3.81,1,52,,
38584,OP,TX1K1,TX1 VOLT CTRL K1 ON,4,23,,,,84,1,,RELAY,OPTX1K1RELAY,172.18.3.81,1,9,,
38584,OP,TX1K1,TX1 VOLT CTRL K1 OFF,4,23,,,,84,0,,RELAY,OPTX1K1RELAY,172.18.3.81,1,9,,
38585,OP,TX1K2,OP TX1 VOLT CTRL K2,4,23,11,10,,,,,STATUS,OPTX1K2STATUS,172.18.3.81,1,53,,
38585,OP,TX1K2,TX1 VOLT CTRL K2 ON,4,23,,,,85,1,,RELAY,OPTX1K2RELAY,172.18.3.81,1,10,,
38585,OP,TX1K2,TX1 VOLT CTRL K2 OFF,4,23,,,,85,0,,RELAY,OPTX1K2RELAY,172.18.3.81,1,10,,
38586,OP,TCA1,OP LTC1 AUTO/MAN,4,23,11,11,,,,,STATUS,OPTCA1STATUS,172.18.3.81,1,54,,
38586,OP,TCA1,LTC1 MANUAL,4,23,,,,83,1,,RELAY,OPTCA1RELAY,172.18.3.81,1,8,,
38586,OP,TCA1,LTC1 AUTO,4,23,,,,83,0,,RELAY,OPTCA1RELAY,172.18.3.81,1,8,,
38567,OP,TC1,OP LTC1 RAISE,4,23,,,,86,1,,RELAY,OPTC1RELAY,172.18.3.81,1,11,,
38567,OP,TC1,OP LTC1 LOWER,4,23,,,,86,0,,RELAY,OPTC1RELAY,172.18.3.81,1,11,,
38588,OP,T1HIAL,OP TX1 CRIT HI TEMP,4,23,11,12,,,,,STATUS,OPT1HIALSTATUS,172.18.3.81,1,56,,
38433,OP,2L11,OP 2L11 TX1 LBI,4,23,11,13,,,,,STATUS,OP2L11STATUS,172.18.3.81,1,64,,
38433,OP,2L11,2L11 TX1 LBI OPEN,4,23,,,,87,1,,RELAY,OP2L11RELAY,172.18.3.81,1,17,,
38433,OP,2L11,2L11 TX1 LBI CLOSE,4,23,,,,87,0,,RELAY,OP2L11RELAY,172.18.3.81,1,17,,
38589,OP,35C106,OP TX1 387E ALARM COM,4,23,11,14,,,,,STATUS,OP35C106STATUS,172.18.3.81,1,119,,
38590,OP,35C107,OP TX1 501 ALARM COM,4,23,11,15,,,,,STATUS,OP35C107STATUS,172.18.3.81,1,120,,
38591,OP,MET1CP,OP TX1 METERING COM,4,23,12,0,,,,,STATUS,OPMET1CPSTATUS,172.18.3.81,1,121,,
38592,OP,35C109,OP 2100-1 ALARM COM 9,4,23,12,1,,,,,STATUS,OP35C109STATUS,172.18.3.81,1,122,,
38593,OP,35C110,OP 2100-1 ALARM COM 10,4,23,12,2,,,,,STATUS,OP35C110STATUS,172.18.3.81,1,123,,
38594,OP,35C111,OP TX1 2411 ALARMS COM,4,23,12,3,,,,,STATUS,OP35C111STATUS,172.18.3.81,1,124,,
38595,OP,2M14,TX1 METER CT BYPASS SW,4,23,12,4,,,,,STATUS,OP2M14STATUS,172.18.3.81,1,63,,
38596,OP,35C123,OP TX1 2505 STA/CTRL COM,4,23,12,8,,,,,STATUS,OP35C123STATUS,172.18.3.81,1,136,,
38597,OP,35C124,OP HS 2505 STA/CTRL COM,4,23,12,9,,,,,STATUS,OP35C124STATUS,172.18.3.81,1,137,,
38598,OP,35C125,OP LS 2505 STA/CTRL COM,4,23,12,10,,,,,STATUS,OP35C125STATUS,172.18.3.81,1,138,,
38599,OP,35C128,OP TX1 2411 FUTURE COM,4,23,12,12,,,,,STATUS,OP35C128STATUS,172.18.3.81,1,141,,
38600,OP,35T2SC,OP TX2 3530 FAIL,4,23,12,13,,,,,STATUS,OP35T2SCSTATUS,172.18.3.81,1,169,,
38601,OP,387SC1,OP TX1 DIFF PROT FAIL,4,23,12,14,,,,,STATUS,OP387SC1STATUS,172.18.3.81,1,171,,
38602,OP,501SC1,OP TX1 OVERCURRENT FAIL,4,23,12,15,,,,,STATUS,OP501SC1STATUS,172.18.3.81,1,172,,
38603,OP,21T1SC,OP TX1 2100 FAIL,4,23,13,0,,,,,STATUS,OP21T1SCSTATUS,172.18.3.81,1,175,,
38604,OP,MET1SC,OP TX1 735 METER FAIL,4,23,13,1,,,,REV4MAT,STATUS,OPMET1SCSTATUS,172.18.3.81,1,176,,
38605,OP,25SC1,OP TX1 STA/CTRL FAIL,4,23,13,3,,,,,STATUS,OP25SC1STATUS,172.18.3.81,1,178,,
38606,OP,25SC5,OP HS STA/CTRL FAIL,4,23,13,4,,,,,STATUS,OP25SC5STATUS,172.18.3.81,1,179,,
38607,OP,25SC8,OP LS STA/CTRL FAIL,4,23,13,5,,,,,STATUS,OP25SC8STATUS,172.18.3.81,1,180,,
38608,OP,24T1SC,OP TX1 2411 FAIL,4,23,13,7,,,,,STATUS,OP24T1SCSTATUS,172.18.3.81,1,184,,
38609,OP,TX1DRD,OP TX1 DIFF PROT DISABLE,4,23,13,8,,,,,STATUS,OPTX1DRDSTATUS,172.18.3.81,1,194,,
38610,OP,86T1,OP TX1 86T LCKOUT,4,23,13,9,,,,,STATUS,OP86T1STATUS,172.18.3.81,1,195,,
38611,OP,86TCM1,OP TX1 86T LCKOUT TCM,4,23,13,10,,,,,STATUS,OP86TCM1STATUS,172.18.3.81,1,196,,
38612,OP,94TCM1,OP TX1 94T TCM,4,23,13,11,,,,,STATUS,OP94TCM1STATUS,172.18.3.81,1,201,,
38613,OP,35C116,OP TX1 3530 TO RTU COM,4,23,13,13,,,,REV4MAT,STATUS,OP35C116STATUS,#N/A,1,#N/A,,
09331,OP,LTC1,OP LTC1 TAP POS,4,23,,,65,,,0.0078,ANALOG,OPLTC1ANALOG,172.18.3.81,1,21,,
09332,OP,RAV1,OP TX1 REG A VOLTS,4,23,,,66,,,0.1,ANALOG,OPRAV1ANALOG,172.18.3.81,1,24,,
09333,OP,RBV1,OP TX1 REG B VOLTS,4,23,,,67,,,0.1,ANALOG,OPRBV1ANALOG,172.18.3.81,1,25,,
09334,OP,RCV1,OP TX1 REG C VOLTS,4,23,,,68,,,0.1,ANALOG,OPRCV1ANALOG,172.18.3.81,1,26,,
09335,OP,TX1A,OP TX1 LS A AMPS,4,23,,,69,,,2.4,ANALOG,OPTX1AANALOG,172.18.3.81,1,27,,
09359,OP,TX1B,OP TX1 LS B AMPS,4,23,,,70,,,2.4,ANALOG,OPTX1BANALOG,172.18.3.81,1,28,,
09360,OP,TX1C,OP TX1 LS C AMPS,4,23,,,71,,,2.4,ANALOG,OPTX1CANALOG,172.18.3.81,1,29,,
09361,OP,KVA1M,OP TX1 KVA METER,4,23,,,72,,,48,ANALOG,OPKVA1MANALOG,172.18.3.81,1,30,,
09362,OP,TX1W,OP TX1 WATTS,4,23,,,73,,,48,ANALOG,OPTX1WANALOG,172.18.3.81,1,31,,
09363,OP,MV1,OP TX1 VARS LAG,4,23,,,74,,,48,ANALOG,OPMV1ANALOG,172.18.3.81,1,33,,
09364,OP,MV1-,OP TX1 VARS LEAD,4,23,,,75,,,48,ANALOG,OPMV1-ANALOG,172.18.3.81,1,32,,
09365,OP,PF1M,OP TX1 POWER FACTOR,4,23,,,76,,,0.1,ANALOG,OPPF1MANALOG,172.18.3.81,1,34,,
09366,OP,TX1FRQ,OP TX1 FREQUENCY,4,23,,,77,,,0.1,ANALOG,OPTX1FRQANALOG,172.18.3.81,1,35,,
09367,OP,KWPHR1,OP TX1 KW PREV HR,4,23,,,78,,,144,ANALOG,OPKWPHR1ANALOG,172.18.3.81,1,36,,
09368,OP,P1,OP PULSE ACCUMULATOR 1,4,23,,,3,,,7.2,PULSE,OPP1PULSE,#N/A,1,#N/A,,
09369,OP,T1HST1,OP TX1 WINDING 1 TEMP,4,23,,,79,,,1,ANALOG,OPT1HST1ANALOG,172.18.3.81,1,38,,
09370,OP,T1HST2,OP TX1 WINDING 2 TEMP,4,23,,,80,,,1,ANALOG,OPT1HST2ANALOG,172.18.3.81,1,39,,
09371,OP,T1HST3,OP TX1 WINDING 3 TEMP,4,23,,,81,,,1,ANALOG,OPT1HST3ANALOG,172.18.3.81,1,40,,
09372,OP,TX1TMP,OP TX1 TANK OIL TEMP,4,23,,,82,,,1,ANALOG,OPTX1TMPANALOG,172.18.3.81,1,41,,
09373,OP,TC1TMP,OP LTC1 OIL TEMP,4,23,,,83,,,1,ANALOG,OPTC1TMPANALOG,172.18.3.81,1,42,,
09374,OP,TX1ABT,OP TX1 AMBIENT TEMP,4,23,,,84,,,1,ANALOG,OPTX1ABTANALOG,172.18.3.81,1,43,,